file,aspect_ratio,circularity,solidity,extent,hull_ar,label,label_id
005323_jpg.rf.HDINKfaGEFY5Fe9ZEzkR.jpg,1.0,0.3377,0.8765,0.8737,1.0,helm,0
005561_jpg.rf.uxzP2C6m5xdKPkPzO5cr.jpg,1.0,0.2058,0.7652,0.7186,1.0,helm,0
005698_jpg.rf.95QUqYmypRYBrwLBgb9n.jpg,1.0,0.2129,0.7469,0.6273,1.0,helm,0
006232_jpg.rf.PKc9Etwp6oU9dotnMHxM.jpg,1.0997,0.1307,0.726,0.6972,1.0997,helm,0
0_13117620_jpg.rf.ulfWJ3UQeVHUkemTk2Rs.jpg,1.0811,0.3452,0.8518,0.6303,1.0811,helm,0
0_26889734_jpg.rf.KSzdG7TQ3INs4chCBbrR.jpg,1.0407,0.6672,0.9668,0.7864,1.0407,helm,0
0_27685007_jpg.rf.WVuzAdze0KNY6MSDon9e.jpg,0.9671,0.3873,0.8931,0.6709,0.9671,helm,0
0_27797870_jpg.rf.JXUAgoNfPFI0KASkFRKb.jpg,1.0268,0.5887,0.9374,0.6674,1.0268,helm,0
0_28661306_jpg.rf.m4uYOjH0GmaAfyIZKcSZ.jpg,1.0594,0.3813,0.9071,0.7043,1.0594,helm,0
0_31601551_jpg.rf.h1kbVxvoQcxdk6JvUkMY.jpg,1.0,0.6524,0.979,0.9098,1.0,helm,0
0_31948027_jpg.rf.Jp8yYrq31NAbI9kCkT7e.jpg,1.0082,0.7134,0.9621,0.7638,1.0082,helm,0
0_35679540_jpg.rf.LCR2bomnX0WJnbgb7hUW.jpg,1.0407,0.687,0.9721,0.8108,1.0407,helm,0
0_36662119_jpg.rf.L1XVCEAB1dvjnnAIzGqp.jpg,1.2698,0.246,0.5743,0.5242,1.2698,helm,0
0_37406577_jpg.rf.vOPS0ZjNfbHb9gn00ZOd.jpg,1.0,0.4992,0.939,0.8425,1.0,helm,0
0_38394140_jpg.rf.LQQFZqiAxAPWPjRPgIGz.jpg,1.6192,0.2212,0.4838,0.3216,1.6192,helm,0
0_38884553_jpg.rf.hnyZnrWSQ9ktPZCohYYJ.jpg,1.0,0.1146,0.5037,0.5021,1.0,helm,0
0_39379057_jpg.rf.4k896gL33QPZ9wtb4C27.jpg,1.0262,0.4964,0.9271,0.7472,1.0262,helm,0
0_39693815_jpg.rf.NfzLjN0eNIiBP5OpjItr.jpg,1.0,0.0894,0.5782,0.5764,1.0,helm,0
0_40058469_jpg.rf.RAgMkeXPWD9IpyFoH0Ze.jpg,1.0,0.3975,0.9038,0.8968,1.0,helm,0
0_41500015_jpg.rf.hVfoUffsFpx64sW0b3u8.jpg,1.0,0.7087,0.9652,0.8045,1.0,helm,0
0_41887961_jpg.rf.vG6rRWrfbxGLfeeDlMYA.jpg,1.6096,0.3721,0.8446,0.5106,1.6096,helm,0
0_42701587_jpg.rf.FCt00UmFZwlgQSvXBB5I.jpg,1.0,0.7429,0.9956,0.9925,1.0,helm,0
0_44625578_jpg.rf.sELcdcDoZx8Bqxemi2SZ.jpg,1.039,0.4958,0.9341,0.7394,1.039,helm,0
0_45233064_jpg.rf.XZ7imwwlyJAT5QA88z66.jpg,1.0,0.4636,0.9498,0.9451,1.0,helm,0
0_46126103_jpg.rf.nhIuI5GSkuHh6drtJmze.jpg,1.0016,0.5937,0.8801,0.6913,1.0016,helm,0
0_47116199_jpg.rf.gF9xEBAldPhwQnSdlGAm.jpg,1.0345,0.3138,0.8126,0.6447,1.0345,helm,0
0_49228324_jpg.rf.fT9SEngzROixGsphx1qQ.jpg,1.034,0.252,0.8006,0.6083,1.034,helm,0
0_49417216_jpg.rf.uXeZ1sLQ7tenyGUi00Gg.jpg,1.6931,0.1469,0.3751,0.2658,1.6931,helm,0
0_49538394_jpg.rf.cIPn0M1eGS81CiwV7sip.jpg,1.0256,0.5959,0.9447,0.7574,1.0256,helm,0
0_50644152_jpg.rf.4ubLK5pS5jjl0uUPPPCo.jpg,1.0492,0.5111,0.9131,0.7043,1.0492,helm,0
0_55312807_jpg.rf.mjz09LI4en1rCG5p5W8C.jpg,1.0162,0.5511,0.9426,0.7394,1.0162,helm,0
0_57279125_jpg.rf.vlqkw4EcOkKd6bJLTkn1.jpg,1.0098,0.3847,0.8889,0.7126,1.0098,helm,0
0_63765405_jpg.rf.9PQIeyU7pTYWeOEDgEvW.jpg,1.0458,0.6974,0.9657,0.7814,1.0458,helm,0
0_65290507_jpg.rf.BObJV7NL67j6ODl3QKqU.jpg,1.7061,0.4424,0.9293,0.5966,1.7061,helm,0
0_68428129_jpg.rf.DRJYYxzzUE2uzvukfejo.jpg,0.9576,0.7952,0.9803,0.6925,0.9576,helm,0
0_74067387_jpg.rf.xHGpMuYS3l5vJwaPDRlO.jpg,1.8131,0.2795,0.7187,0.4477,1.8131,helm,0
0_74103329_jpg.rf.WTbvzOAjdNR7lVHhvU3b.jpg,1.0,0.4784,0.9378,0.8677,1.0,helm,0
0_75000524_jpg.rf.n29gAvyS2EyAOezzD5ZP.jpg,1.2524,0.2038,0.4957,0.4333,1.2524,helm,0
0_75857299_jpg.rf.3ZTXAa65kuL3zBb86JvI.jpg,1.039,0.6446,0.9615,0.7712,1.039,helm,0
0_76308868_jpg.rf.YsJmSgO4a6LFgGvi2s6z.jpg,1.0,0.0719,0.5739,0.5721,1.0,helm,0
0_76406774_jpg.rf.cmwigft0r5KhdaWov2Ve.jpg,1.0,0.6052,0.9874,0.9843,1.0,helm,0
0_76651120_jpg.rf.RdIa9ef4D3GMJrn7X6QQ.jpg,1.0065,0.7212,0.9532,0.7212,1.0065,helm,0
0_79079358_jpg.rf.o4dX9zgQ2W2qv5hLVHMj.jpg,1.2355,0.2389,0.5639,0.5039,1.2355,helm,0
0_79714687_jpg.rf.J1Ewh4iWfgd4cZ4BPLYy.jpg,1.0,0.6814,0.9811,0.8953,1.0,helm,0
0_84817169_jpg.rf.sruMm7skm1YoRtGHSqhl.jpg,1.0,0.6699,0.9358,0.8076,1.0,helm,0
0_86004889_jpg.rf.k8Ge1XC3Fmm9EMomyWIq.jpg,1.0,0.6167,0.9742,0.8727,1.0,helm,0
0_95837089_jpg.rf.k2avXGSdzV8HH87vEkZJ.jpg,0.9844,0.6252,0.9165,0.6925,0.9844,helm,0
0_97784641_jpg.rf.BJmoXKkKVEopdLswaGbr.jpg,1.5284,0.2887,0.7132,0.5305,1.5284,helm,0
1_12297283_jpg.rf.wXZqlMkA5HTmLwHQY78a.jpg,1.0,0.1031,0.4529,0.4515,1.0,helm,0
1_14461871_jpg.rf.jGK2AZIaPAyVOWHNRoTF.jpg,1.0,0.0687,0.3105,0.308,1.0,helm,0
1_21208612_jpg.rf.zqodXNh9gYWp6gj49fTg.jpg,1.0,0.108,0.567,0.4641,1.0,helm,0
1_31279758_jpg.rf.EXN3DcYXezmcGs47RL1u.jpg,1.0,0.4211,0.9077,0.7753,1.0,helm,0
1_39754826_jpg.rf.GAr4m119AACTbUGiNXhg.jpg,1.0,0.7558,0.9732,0.854,1.0,helm,0
1_45433741_jpg.rf.TQF56DnlMKghR1XKWHs3.jpg,1.0,0.7445,0.9969,0.9938,1.0,helm,0
1_48796574_jpg.rf.jxlNsZYbgp1fICn4tawG.jpg,1.9632,0.4007,0.9154,0.5747,1.9632,helm,0
1_48863152_jpg.rf.o5z3e9BVVHnQqrg1xQm5.jpg,1.2913,0.1187,0.7162,0.6059,1.2913,helm,0
1_50029258_jpg.rf.KUSZzTLyC206lmvrC6fl.jpg,1.0,0.255,0.6853,0.5266,1.0,helm,0
1_54602131_jpg.rf.n9FCRg9NpyRSulJCl0qk.jpg,1.0556,0.7708,0.9741,0.6745,1.0556,helm,0
1_55040585_jpg.rf.stCmdUEdcgyT4k1vERDQ.jpg,0.9734,0.13,0.3718,0.2921,0.9734,helm,0
1_55340270_jpg.rf.FOcvrFCoU5ei8xuaCFF4.jpg,0.9836,0.6353,0.9653,0.8291,0.9836,helm,0
1_73143822_jpg.rf.6KVZaFPp9Ei5hpOwpX2b.jpg,1.8252,0.4379,0.9479,0.5834,1.8252,helm,0
1_79175676_jpg.rf.dq61NRwWeL8WartiPp21.jpg,1.0194,0.5589,0.8947,0.6715,1.0194,helm,0
1_88034928_jpg.rf.CXdDwGcQEixf2zahpAAU.jpg,1.0,0.067,0.3428,0.3417,1.0,helm,0
1_90092435_jpg.rf.RWLDDcxSTPy3UKMf9bRJ.jpg,1.3276,0.4307,0.923,0.7559,1.3276,helm,0
1_90625524_jpg.rf.RnY8quktMYtGqluiC34A.jpg,1.0,0.4408,0.9079,0.858,1.0,helm,0
1_92501512_jpg.rf.1v4ljCNJnzBudUwy2yeh.jpg,1.8906,0.4209,0.9179,0.5655,1.8906,helm,0
1_94516180_jpg.rf.JtvKOUpk55LCU57ITyum.jpg,1.0256,0.6765,0.9536,0.7874,1.0256,helm,0
1_97763885_jpg.rf.MVRSsabVxwGIHCjP168a.jpg,1.0,0.0961,0.5951,0.5931,1.0,helm,0
1_99963982_jpg.rf.px8phlJFr7dqA046G06E.jpg,1.0133,0.3166,0.8512,0.6831,1.0133,helm,0
20221206_094829_jpg.rf.0Uxi7yWHbb50X5XBBfBS.jpg,0.9187,0.1555,0.6826,0.466,0.9187,helm,0
20221206_095031_jpg.rf.JmVGSdQ5ZzE5EWcmpjB9.jpg,1.0,0.4898,0.9131,0.8892,1.0,helm,0
20221206_095051_jpg.rf.tZhqShvrr9bmiGHJBBjb.jpg,1.0,0.5174,0.853,0.8354,1.0,helm,0
20221206_095153_jpg.rf.9SG8cJIGogINuZ5gyyDC.jpg,0.9531,0.5019,0.9078,0.8444,0.9531,helm,0
20221206_095609_jpg.rf.evZBkLzIeOodG2I7mzHl.jpg,0.6547,0.3461,0.8642,0.7698,0.6547,helm,0
20221206_095958_jpg.rf.4MuMxN1tm9IDxOTLz75x.jpg,0.9766,0.537,0.8469,0.6889,0.9766,helm,0
20221206_100131_jpg.rf.9KqEIHDYv4UO1VfrIXnq.jpg,1.3823,0.4949,0.8684,0.7764,1.3823,helm,0
20221206_100156_jpg.rf.RUr26mcl0Q2WqniPyIgA.jpg,0.8828,0.4363,0.8699,0.8099,0.8828,helm,0
20221206_100202_jpg.rf.q19WkkAq9lt2hi4qe0F1.jpg,1.0,0.6256,0.8873,0.8084,1.0,helm,0
20221206_100204_jpg.rf.09vo5cQth7Cb5geCHtD5.jpg,1.17,0.3355,0.785,0.745,1.17,helm,0
20221206_100239_jpg.rf.EGNPZjR2dri7bS2p9KDE.jpg,0.9266,0.7107,0.9871,0.958,0.9266,helm,0
20221206_100601_jpg.rf.oxgXhxlfOrV53x5eOI23.jpg,1.0179,0.341,0.7133,0.5047,1.0179,helm,0
20221206_100837_jpg.rf.4jKk0k3BoztmdNoJQiZY.jpg,0.8753,0.6059,0.9134,0.7722,0.8753,helm,0
20221206_100920_jpg.rf.ouHXxj5KZPxHTbQ6CIE4.jpg,0.7894,0.507,0.8928,0.6705,0.7894,helm,0
20221206_101404_jpg.rf.RpERzGWPrI4gZZ4tkR39.jpg,0.625,0.5514,0.9104,0.6574,0.625,helm,0
2_0_21228022_jpg.rf.vLNMUnrE5JeuvcvJxGpe.jpg,1.2723,0.4433,0.8869,0.5809,1.2723,helm,0
2_0_25917054_jpg.rf.0poOwKxxWw5EHgSsuhoF.jpg,1.3902,0.2814,0.595,0.3572,1.3902,helm,0
2_0_31154150_jpg.rf.0w01ZkKqPzuxi1E1ybdr.jpg,1.0458,0.2737,0.7204,0.5536,1.0458,helm,0
2_0_54307837_jpg.rf.pb61TCvApD0Q3CuoYhC6.jpg,1.0,0.7854,1.0,0.9969,1.0,helm,0
2_0_55148349_jpg.rf.fiIxgiG51DbKYC9f1ZUx.jpg,1.17,0.243,0.8291,0.7052,1.17,helm,0
2_0_55691392_jpg.rf.HDlzVtTQiZAoAXqtpa3d.jpg,1.0,0.1154,0.4058,0.3571,1.0,helm,0
2_0_55756589_jpg.rf.tGAYbofDPU21GY1WjXP9.jpg,1.6413,0.4446,0.8918,0.677,1.6413,helm,0
2_0_56210012_jpg.rf.1l48wIYiFEj6p6igAGDE.jpg,1.6777,0.1065,0.5035,0.3933,1.6777,helm,0
2_0_56485649_jpg.rf.muoRtXxQ3npfm96Ugvix.jpg,1.4848,0.1873,0.5885,0.3796,1.4848,helm,0
2_0_56654847_jpg.rf.jjBcZctCjQxV7brRhqsJ.jpg,1.7567,0.2887,0.6908,0.4763,1.7567,helm,0
2_0_56894587_jpg.rf.kuirT9qalkFT9z1kQz4u.jpg,0.9967,0.5551,0.951,0.7545,0.9967,helm,0
2_0_57596244_jpg.rf.lxBAeULnooq0q8zSMP5I.jpg,0.9578,0.1308,0.5548,0.4715,0.9578,helm,0
2_0_57929415_jpg.rf.Qo3tfG7XZN9uVEKv1jCv.jpg,1.8495,0.1786,0.7452,0.5351,1.8495,helm,0
2_0_57936059_jpg.rf.DWKeXMGapkzi3LFHlIqV.jpg,1.0,0.7854,1.0,0.9969,1.0,helm,0
2_0_58608393_jpg.rf.lZ8lFyF7eQ8p7HuX9wRz.jpg,1.0,0.0858,0.3445,0.3434,1.0,helm,0
2_0_59369856_jpg.rf.uvwOW37VYkxnUlnQgu5c.jpg,1.0,0.0924,0.3096,0.3058,1.0,helm,0
2_0_59565487_jpg.rf.DDZG3OCbfuEq4I25Zdiy.jpg,1.0,0.7583,0.9982,0.9951,1.0,helm,0
2_0_59626133_jpg.rf.CfwIejOql5dMCHiJbH9O.jpg,1.0,0.7529,0.9977,0.9946,1.0,helm,0
2_0_59694327_jpg.rf.v5iHvX9v2ENezai7aXDA.jpg,1.0,0.1145,0.3475,0.2516,1.0,helm,0
2_0_60687302_jpg.rf.mVYlS1gTW39XkqoXJ6vM.jpg,1.0,0.4919,0.8978,0.895,1.0,helm,0
2_0_60794167_jpg.rf.toIRA1pDWncw66OdIZdE.jpg,1.0,0.7706,0.9991,0.996,1.0,helm,0
2_0_61428035_jpg.rf.zIDaMgkE10oKiGVL6z7d.jpg,1.2981,0.1804,0.7339,0.6357,1.2981,helm,0
2_0_61771818_jpg.rf.AAfSbsXIIfTuvUWB7JHe.jpg,1.1644,0.2212,0.6553,0.4958,1.1644,helm,0
2_0_61897481_jpg.rf.ASLNhtBbFPYKFFMeWKEK.jpg,1.0,0.1624,0.5604,0.5055,1.0,helm,0
2_0_62475608_jpg.rf.hxBAPs0hKNg9NuCmduiE.jpg,1.0,0.4404,0.9462,0.9433,1.0,helm,0
2_0_62585349_jpg.rf.HgzoK4ozWb1VsMfbxMSo.jpg,1.2888,0.1678,0.6017,0.2574,1.2888,helm,0
2_0_62967503_jpg.rf.r68BgJJJD1SnUbegAUse.jpg,1.0,0.1014,0.4045,0.3826,1.0,helm,0
2_0_63262689_jpg.rf.jIjMShz17dXPnL0fosUf.jpg,1.6209,0.2679,0.8227,0.5449,1.6209,helm,0
2_0_63386800_jpg.rf.Y9Wlm2F7VvTFFdXxSArH.jpg,1.0903,0.5698,0.9408,0.7616,1.0903,helm,0
2_0_63581456_jpg.rf.5hpuR0GDV8SzHdWsXeCn.jpg,1.8446,0.1727,0.5794,0.4716,1.8446,helm,0
2_0_63900681_jpg.rf.R5Q4H1F6yjaW6ffTDvfb.jpg,1.0235,0.1468,0.539,0.3818,1.0235,helm,0
2_0_63921066_jpg.rf.yslkqnrYJHyAIl0rzFp4.jpg,1.0,0.2239,0.4951,0.3897,1.0,helm,0
2_0_64160131_jpg.rf.7GXXTKeAVw9LFvft20YK.jpg,1.3264,0.4628,0.877,0.5961,1.3264,helm,0
2_0_64238622_jpg.rf.MbLaAbpyRr91jItvf0rm.jpg,1.0785,0.2304,0.8389,0.5957,1.0785,helm,0
2_0_64260122_jpg.rf.qO1OVLS3lUcX8jOuERhJ.jpg,1.0071,0.6547,0.9623,0.7586,1.0071,helm,0
2_0_64475543_jpg.rf.jyDDEJ9Yma1y64Hozceo.jpg,1.0,0.0959,0.4634,0.3287,1.0,helm,0
2_0_64504552_jpg.rf.kuRN039ODHFCb2o6xsai.jpg,0.9563,0.2322,0.5383,0.4213,0.9563,helm,0
2_0_64761777_jpg.rf.h1ih18SMiARz1CWaQDVl.jpg,1.0405,0.19,0.534,0.3158,1.0405,helm,0
2_0_65384721_jpg.rf.25FoHLHyApiKYayDjwYI.jpg,1.0,0.7705,0.9985,0.9954,1.0,helm,0
2_0_65664271_jpg.rf.eBiHVSgPZbfvnUbFBdSP.jpg,1.0,0.3935,0.8748,0.8721,1.0,helm,0
2_0_65800689_jpg.rf.XzIb4MNxlgdGdeFos9gc.jpg,0.6809,0.1297,0.3221,0.2869,0.6809,helm,0
2_0_66456587_jpg.rf.AJh491zPcU7CMajfqmw2.jpg,1.0922,0.3567,0.9128,0.8183,1.0922,helm,0
2_0_66634020_jpg.rf.n8UdACwT6ezs0Rpbz9dl.jpg,1.0,0.1987,0.6134,0.6076,1.0,helm,0
2_0_66989856_jpg.rf.nmBDEjOaqugPr3tbQv6x.jpg,1.0426,0.4656,0.7874,0.5611,1.0426,helm,0
2_0_67026970_jpg.rf.IUZBMyUDof1nxhK0xBF7.jpg,1.4028,0.2069,0.6331,0.4807,1.4028,helm,0
2_0_67746576_jpg.rf.vTrFA5qwcRxLZ29uBhhB.jpg,1.0,0.5517,0.9645,0.9508,1.0,helm,0
2_0_68230605_jpg.rf.i08GWWSXyIX0nOuQdClx.jpg,1.0273,0.143,0.3521,0.2808,1.0273,helm,0
2_0_68894362_jpg.rf.7aaHCdQOfbdUaLIrGuXJ.jpg,1.2982,0.1789,0.4093,0.2703,1.2982,helm,0
2_0_69394186_jpg.rf.MbywrUafsHykf0DqIk6V.jpg,1.2613,0.5373,0.9357,0.5996,1.2613,helm,0
2_0_69608143_jpg.rf.JscCi75Q9gCpYpr39vIV.jpg,0.9734,0.6568,0.9628,0.7487,0.9734,helm,0
2_0_70669165_jpg.rf.lQKodDWTSKdahHTy07Ea.jpg,1.8541,0.4459,0.934,0.5603,1.8541,helm,0
2_0_72424862_jpg.rf.xRAGILBBA8IiuaYduA2l.jpg,1.0,0.0772,0.3635,0.2793,1.0,helm,0
2_0_72759947_jpg.rf.7bhWvluaaRDmYdgy1UYO.jpg,1.0,0.0789,0.475,0.4407,1.0,helm,0
2_0_73506721_jpg.rf.vSEtPs3MknAmY7J3tDGA.jpg,1.0,0.0878,0.3938,0.3804,1.0,helm,0
2_0_73809553_jpg.rf.CpA1YqFvfSExYXvZkUHO.jpg,1.3474,0.1833,0.4911,0.4587,1.3474,helm,0
2_0_74208413_jpg.rf.b1Ld8SAgoczfC2zVMDWS.jpg,0.9375,0.1252,0.5879,0.5406,0.9375,helm,0
2_0_74388303_jpg.rf.2Tl9DtVKdHGjWGrEODRJ.jpg,1.0702,0.1265,0.5356,0.429,1.0702,helm,0
2_0_75439702_jpg.rf.XW0MJEehEwads35Vf3al.jpg,1.0172,0.4985,0.9042,0.7812,1.0172,helm,0
2_0_75601747_jpg.rf.8sBefyzzyI5TZQbJcTW0.jpg,1.0,0.7854,1.0,0.9969,1.0,helm,0
2_0_76900663_jpg.rf.Q53OEU4EMhKHEwTCLGqX.jpg,1.0647,0.4811,0.8602,0.5363,1.0647,helm,0
2_0_76903111_jpg.rf.hywPaCGO7CpJkoQlL1EQ.jpg,1.0,0.1317,0.6007,0.5789,1.0,helm,0
2_0_87160670_jpg.rf.QtYSewIeyGJwBs5R6jFQ.jpg,1.0695,0.2177,0.7747,0.6048,1.0695,helm,0
2_0_97038624_jpg.rf.uWOezWCKHtrnq8coNa1c.jpg,0.7875,0.2228,0.6569,0.355,0.7875,helm,0
2_0_97382630_jpg.rf.F1RaBwUL5xYIfhQ956Cv.jpg,0.85,0.6559,0.98,0.7482,0.85,helm,0
2_11480063_jpg.rf.YgHooGwXyoxknt4j0HGl.jpg,1.0,0.7537,0.996,0.9929,1.0,helm,0
2_18179085_jpg.rf.JWYXcXSCWNuW8920uA9S.jpg,1.0,0.6394,0.9789,0.973,1.0,helm,0
2_1_18466948_jpg.rf.0rMP9WawsthQYzOTlde0.jpg,0.9742,0.1275,0.6555,0.5434,0.9742,helm,0
2_76774899_jpg.rf.tnHkNM8TvuROlPHfzNzN.jpg,1.0,0.1373,0.5935,0.4718,1.0,helm,0
2_87646521_jpg.rf.LKQSdGTwhwmPv3p3rvt4.jpg,1.3772,0.1336,0.6715,0.5546,1.3772,helm,0
3_10253014_jpg.rf.SLs82NZk4atFTr9cLnU8.jpg,1.0509,0.4083,0.8936,0.7048,1.0509,helm,0
3_12405489_jpg.rf.QUUCzK0VCF280AN1w7fV.jpg,1.9511,0.1607,0.5445,0.4774,1.9511,helm,0
3_28131966_jpg.rf.JSoZ8FIvurhULGyqxCAC.jpg,1.0684,0.6169,0.9609,0.795,1.0684,helm,0
3_67776724_jpg.rf.swcRfCYm2MEF2l40oGPg.jpg,1.0,0.1467,0.5753,0.476,1.0,helm,0
3_93963639_jpg.rf.IhrREzTGPUKkTkI42RkD.jpg,1.0526,0.6445,0.9567,0.785,1.0526,helm,0
4_12837719_jpg.rf.l7oAfTwWQhKRIr14Iq0J.jpg,1.0,0.1162,0.5366,0.5349,1.0,helm,0
5_56704289_jpg.rf.KJGsjnrMxLbGYeFYa0WI.jpg,1.0,0.2954,0.8004,0.7315,1.0,helm,0
5_67053551_jpg.rf.6tP6UQTZQXIqBiCLpmiS.jpg,1.9462,0.3901,0.9097,0.5415,1.9462,helm,0
9_32177443_jpg.rf.5HeqrOgE6vgIdj1mtgv0.jpg,1.0356,0.5595,0.9359,0.7375,1.0356,helm,0
Anilar-Duayen-Bir-Duayenin-Safety-First-Once_yyth_jpg.rf.3B6SsQMoRB5ekDDP7aY9.jpg,0.7578,0.326,0.7535,0.5557,0.7578,helm,0
baret-kask-_-YDZ-Teknik-Tekstil-Is-Elbiseleri_yythk_jpg.rf.QQTYkiYTe143I5j2dogs.jpg,0.8672,0.565,0.8536,0.6174,0.8672,helm,0
Baret-Kullanimi-Riziko-Is-Sagligi-Guvenligi_-Saka-1-_jpg.rf.A9jIEiS3cXJiC2ZxyhmI.jpg,0.9354,0.1187,0.5194,0.4247,0.9354,helm,0
Baret-Modelleri-ve-Fiyatlari-_-Is-Guvenligi-Malzeme-23-_jpg.rf.5vMrfZyOGAvTMdPfdirs.jpg,1.7784,0.5862,0.8978,0.5979,1.7784,helm,0
Baret-Modelleri-ve-Fiyatlari-_-Is-Guvenligi-Malzeme_jpg.rf.tgyxXLMpn5a3Db5JfGvr.jpg,0.5986,0.2345,0.772,0.5543,0.5986,helm,0
Baret-Nedir_-Teknik-ve-Tasarim-Ozellikleri-1-_png_jpg.rf.4J1Ak6NIxidOePPZHMpk.jpg,1.0,0.218,0.76,0.7238,1.0,helm,0
Bbu-SP-200-Is-Guvenligi-Bareti-2-_jpg.rf.ZsF4HvaLHpHrD8GRKRSj.jpg,1.2963,0.7279,0.9728,0.6978,1.2963,helm,0
Calisanlar-Icin-Kask-Isiklari-Kullanimi-1-_jpg.rf.zb2dOBR9sWzOsIH2CR4J.jpg,1.0,0.3111,0.9038,0.8923,1.0,helm,0
delta-plus-bayii-gulep-is-guvenligi-Is-Guv-1-_jpeg_jpg.rf.0noGCfkXpTi0P5gf8POU.jpg,1.3904,0.5071,0.8672,0.5902,1.3904,helm,0
Delta-Plus-FUEGO-Baret-Icin-Seffaf-Is-Gozlugu_yythk_jpeg_jpg.rf.cVdDi9UYvvF68vgcvLaJ.jpg,0.4379,0.4775,0.8476,0.6515,0.4379,helm,0
Delta-Plus-Granite-Peak-Dagci-Bareti-Yildizlar_yy_jpg.rf.1HHR0dzi6bKlB4Jb8DoH.jpg,1.2174,0.5711,0.8623,0.5772,1.2174,helm,0
Delta-Plus-Zircon-I-Manuel-Ayarlamali-Baret-__yythk_png_jpg.rf.MNbLSd0RtrBqBJWhgNqB.jpg,0.738,0.2268,0.6789,0.4474,0.738,helm,0
download-1-copy-_jpeg_jpg.rf.34cGQ6BUxxEV9TdEFg7y.jpg,0.9347,0.6655,0.9404,0.659,0.9347,helm,0
Drager-Itfaiyeci-Bareti-Yagmur-Is-Guvenligi-Malzemeleri_jpg.rf.mWjftYCYXNlD7e6yjmoB.jpg,0.8286,0.7266,0.9306,0.6977,0.8286,helm,0
Drager-Itfaiyeci-Kaski-Yagmur-Is-Guvenligi-Malzemeleri-1-_jpg.rf.MLccNCKVwAqc6tORT0lH.jpg,1.0787,0.3934,0.7659,0.5688,1.0787,helm,0
Drager-X-plore-Vizorlu-Guvenlik-Kaski-1-_jpg.rf.dBItfL588TGOQrY5oJfS.jpg,1.082,0.3598,0.7719,0.5047,1.082,helm,0
Drager-X-plore-Vizorlu-Guvenlik-Kaski_jpg.rf.RTqNObSffPKc1hx5Pg88.jpg,0.9242,0.3621,0.7731,0.5056,0.9242,helm,0
Emniyet-kaski-insaat-zor-sapka-yuksek-kaliteli-ABS__jpg.rf.4qR7NPCEfN1pOoD7kOeb.jpg,0.9531,0.0866,0.4309,0.2536,0.9531,helm,0
Emniyet-kaski-kask-ABS-insaat-kasklari-koruyun-yuks_jpg.rf.EbjXBq5dXUnzSduexMtV.jpg,1.7297,0.2013,0.7426,0.5603,1.7297,helm,0
Essafe-GE-1537-Vidali-Baret-Kirmizi-_jpg.rf.nS4cO0O8MMaMKTnnJeP2.jpg,0.6026,0.4283,0.7769,0.5479,0.6026,helm,0
FRP-emniyet-kaski-insaat-koruyucu-kask-Anti-smashin_jpg.rf.GfuPsbbp2SJcUsWkQ2iM.jpg,0.7901,0.3316,0.8164,0.6048,0.7901,helm,0
Guvenlik-is-kaski-Diger-1626672303_jpg.rf.lOsj273TvRrbDcqgbObZ.jpg,1.0,0.7854,1.0,0.9969,1.0,helm,0
Guvenlik-koruyucu-baret-insaat-guvenlik-is-ekipmanlari_yyt-2-_jpg.rf.3DBVpOWLZPfUG4OqdieE.jpg,0.7981,0.2605,0.6046,0.3739,0.7981,helm,0
Guvenlik-koruyucu-baret-insaat-guvenlik-is-ekipmanlari_yyt-6-_jpg.rf.yNcXky3H7cDYZoQGTcqs.jpg,0.6758,0.2982,0.8402,0.6322,0.6758,helm,0
Guvenlik-Koruyucu-Kask-Insaat-Guvenligi-Is-Kaski-Ay-1-_jpeg_jpg.rf.DfiEeHmiNgiamihyazkX.jpg,1.3995,0.6383,0.9291,0.6703,1.3995,helm,0
Guvenlik-Koruyucu-Kask-Insaat-Guvenligi-Is-Kaski-Ay-1-_jpeg_jpg.rf.IcXV0IqBICLRebTTLCHx.jpg,0.7145,0.638,0.9289,0.6702,0.7145,helm,0
Guvenlik-Koruyucu-Kask-Insaat-Guvenligi-Is-Kaski-Ay-2-_jpeg_jpg.rf.4SCRFsTqHs9uS5upsb4D.jpg,0.7121,0.6593,0.9367,0.7032,0.7121,helm,0
Guvenlik-Koruyucu-Kask-Insaat-Guvenligi-Is-Kaski-Ay-2-_jpeg_jpg.rf.ov87p4InH8pF8VsPR53I.jpg,1.4043,0.6597,0.9367,0.7031,1.4043,helm,0
Guvenlik-Koruyucu-Kask-Insaat-Guvenligi-Is-Kaski-Ay_jpeg_jpg.rf.if2ozFsiJsDNifCQvmbe.jpg,0.7981,0.2606,0.6042,0.3734,0.7981,helm,0
helmet-1-_png_jpg.rf.CV6eejWWJnXJ7RWtj6ri.jpg,1.9389,0.2367,0.6499,0.4769,1.9389,helm,0
helmet-11-_jpeg_jpg.rf.BdUp6zNtVmFXmI1KJbG3.jpg,1.6391,0.0707,0.4226,0.3058,1.6391,helm,0
helmet-11-_jpeg_jpg.rf.IGrh1HhjDi42NXEaZWtH.jpg,0.6101,0.071,0.4233,0.3064,0.6101,helm,0
helmet-11-_jpeg_jpg.rf.OmYuqJ6Pkd8QEpU2UsBx.jpg,0.6101,0.0705,0.4224,0.3057,0.6101,helm,0
helmet-11-_jpg.rf.CgsDRfXoESf8exv3PY5W.jpg,1.3987,0.0889,0.6501,0.5193,1.3987,helm,0
helmet-14-_jpeg_jpg.rf.aXXbx0bOFiogGn3IjRZP.jpg,1.0,0.112,0.7327,0.711,1.0,helm,0
helmet-14-_jpeg_jpg.rf.GMKObS1GS07Qet4Ov0av.jpg,1.0,0.1112,0.7328,0.7116,1.0,helm,0
helmet-15-_jpeg_jpg.rf.po4gx9Wtvc8d2wwrUuXl.jpg,1.0,0.1002,0.5439,0.4477,1.0,helm,0
helmet-16-_jpg.rf.59t2CpLzdHYI3cp1RqL5.jpg,1.0,0.2161,0.8732,0.8203,1.0,helm,0
helmet-16-_jpg.rf.p7ekV3Lf1Ilkn9PIeTf8.jpg,1.0,0.7308,0.965,0.9068,1.0,helm,0
helmet-17-_jpeg_jpg.rf.9HrcxAxmAVHnsP5yqUlM.jpg,1.0,0.1956,0.8187,0.8162,1.0,helm,0
helmet-17-_jpg.rf.N076rYTOicXpPUqeQW5N.jpg,0.9347,0.8037,0.9868,0.8184,0.9347,helm,0
helmet-19-_jpeg_jpg.rf.ACvyxN7f0X2rf98eohe8.jpg,1.0,0.1981,0.8405,0.8378,1.0,helm,0
helmet-2-_jpeg_jpg.rf.f5V9uiSj28KX7yv5o69K.jpg,1.0,0.1122,0.7574,0.7551,1.0,helm,0
helmet-20-_jpeg_jpg.rf.PlSUpTncLtVD1cDHNoof.jpg,0.8547,0.0846,0.5458,0.5032,0.8547,helm,0
helmet-22-_jpg.rf.2ar8kqceGrBIP2ttTVrP.jpg,0.8425,0.1868,0.7157,0.6239,0.8425,helm,0
helmet-23-_jpeg_jpg.rf.7oD1bCQi7hfnYMyc4HWH.jpg,0.9245,0.493,0.8454,0.4359,0.9245,helm,0
helmet-23-_jpeg_jpg.rf.GHjR2EMASlHHlP6ZVczP.jpg,1.0816,0.4931,0.8457,0.436,1.0816,helm,0
helmet-24-_jpg.rf.7ErdrcWMzg2qNPNOlusQ.jpg,1.0,0.2196,0.7934,0.79,1.0,helm,0
helmet-24-_jpg.rf.W3TnYzNC3UvC7MpZct8c.jpg,1.0,0.2275,0.8009,0.7984,1.0,helm,0
helmet-26-_jpg.rf.1LUiD4jc0l8sWocYiaLT.jpg,1.0,0.2422,0.7769,0.5996,1.0,helm,0
helmet-29-_jpg.rf.6zKwckepGk1qZh1iAfvr.jpg,1.0,0.1958,0.7868,0.6534,1.0,helm,0
helmet-29-_jpg.rf.NPbekn3HtygVwJxg1MVy.jpg,1.0,0.2127,0.7957,0.6622,1.0,helm,0
helmet-31-_jpg.rf.DsUazUqjZcz7TovSUsNi.jpg,0.6584,0.3994,0.7277,0.4924,0.6584,helm,0
helmet-33-_jpg.rf.WZctHnB8TgIxwUMBUit1.jpg,1.0,0.0549,0.2659,0.1676,1.0,helm,0
helmet-37-_jpg.rf.aX9xXd4bYltP2Siydv3z.jpg,1.0,0.0699,0.6065,0.5885,1.0,helm,0
helmet-37-_jpg.rf.X0j4G3w4qtMJ6MY7hzmf.jpg,1.0,0.0827,0.6003,0.5816,1.0,helm,0
helmet-38-_jpg.rf.HyvduHPJj40vjd6RjjNO.jpg,1.2802,0.4436,0.7595,0.5716,1.2802,helm,0
helmet-4-_jpeg_jpg.rf.DLGr8t9fVhHdtPQofXGs.jpg,0.6466,0.614,0.9622,0.6452,0.6466,helm,0
helmet-4-_jpeg_jpg.rf.lMyLbkJpGwGByMklZpRe.jpg,1.5432,0.6117,0.9608,0.6422,1.5432,helm,0
helmet-4-_jpg.rf.0UOLHCgFKB5Btal2YPvR.jpg,1.0,0.7208,0.993,0.9899,1.0,helm,0
helmet-40-_jpg.rf.iVY5s9Sih9jPnvrllDwu.jpg,1.1268,0.0675,0.4686,0.3354,1.1268,helm,0
helmet-45-_jpg.rf.0C8KGl5skkbGJO8Np1da.jpg,1.0,0.0805,0.5875,0.5531,1.0,helm,0
helmet-5-_jpg.rf.vd3GVYDIxV0i9gTHhLay.jpg,1.0,0.2437,0.7456,0.742,1.0,helm,0
helmet-6-_jpeg_jpg.rf.2EcG06h3tlvXciRhMqPm.jpg,1.2312,0.4251,0.7876,0.6761,1.2312,helm,0
helmet-6-_jpg.rf.sqoDoiAAIbb6EgBOZ4Yw.jpg,1.0,0.5166,0.9314,0.9222,1.0,helm,0
helmet-7-_jpg.rf.ogHVAjseB0OpgA0STT3F.jpg,0.6969,0.138,0.4885,0.2903,0.6969,helm,0
Herkes-Icin-Is-Sagligi-ve-Guvenligi-Rehberi-Ciltli_jpg.rf.t4hmDMZb4bcJKmeL2yWV.jpg,1.0,0.7854,1.0,0.9969,1.0,helm,0
Hjc_-Hjc-IS-Cruiser-Solid-Acik-Motosiklet-Kaski-1-_jpg.rf.E1XWKncIpIjG2rF4N4Rg.jpg,0.8407,0.5229,0.8845,0.6346,0.8407,helm,0
Hjc_-Hjc-IS-Cruiser-Solid-Acik-Motosiklet-Kaski_jpg.rf.8a9o0nIvqj66Gf1PoLoB.jpg,0.6682,0.1947,0.5744,0.3072,0.6682,helm,0
images-2-copy-_jpeg_jpg.rf.SWSreM8HpwterfFUGPEq.jpg,0.7026,0.5843,0.8955,0.6164,0.7026,helm,0
Insaat-Guvenlik-Endustriyel-Magaracilik-Kask_Baret_Is-Guvenligi_y_jpg.rf.5HyrRN7kKnZVq4TK28OF.jpg,1.2899,0.7376,0.9666,0.6674,1.2899,helm,0
Insaat-Kaski-Stok-Fotograflar-Isci-bareti_nin-Dah_jpg.rf.jAJ4e9oG2lQ2oaut9thi.jpg,1.0714,0.4111,0.9062,0.6553,1.0714,helm,0
Insaat-Sektorunde-Is-Sagligi-ve-Guvenligi-ISG-Konul_jpg.rf.pCgrNIIVc9B2gEchM7H1.jpg,1.0,0.3153,0.9104,0.9075,1.0,helm,0
Insaat-Sektorunde-Is-Sagligi-ve-Guvenligi-ISG-Konul_jpg.rf.sx1Y4rPZpvyjYQsAOKOE.jpg,1.0,0.3186,0.9107,0.9079,1.0,helm,0
Insaat-Sektorunde-Is-Sagligi-ve-Guvenligi-Sektor-Ha_jpg.rf.nVbTyj4P2MgGxs2HkpZR.jpg,1.0,0.1018,0.3839,0.3417,1.0,helm,0
Insaat-Sektorunde-Is-Sagligi-ve-Guvenligi-Serkan__jpg.rf.xiPk9TIJ5ZKIJVwHYwgt.jpg,1.2802,0.7735,0.9985,0.9918,1.2802,helm,0
Is-Baretleri_jpg.rf.zvEUXGhtMbLbEJIRg5tt.jpg,1.3671,0.6121,0.9001,0.6123,1.3671,helm,0
Is-Elbiseleri-Is-Ayakkabilari-Is-4-_jpg.rf.Yd7VYkIZxDPbCgHL2gCp.jpg,1.8286,0.1109,0.5894,0.4635,1.8286,helm,0
Is-Elbiseleri-Is-Ayakkabilari-Is_jpg.rf.FaVjK2zETS5JrrPTbpob.jpg,1.0,0.2556,0.799,0.7699,1.0,helm,0
Is-Elbiseleri-Is-Ayakkabilari-Is_jpg.rf.MiToXShQ0PyIiyNSjPAj.jpg,1.0,0.3411,0.8479,0.7531,1.0,helm,0
Is-Elbisesi-Kiyafetleri-ve-Is-Guvenligi-Malzemele_jpg.rf.8WjMFHYSyl3sSUo7HdAG.jpg,1.5894,0.672,0.9496,0.6961,1.5894,helm,0
Is-Elbisesi-Kiyafetleri-ve-Is-Guvenligi-Malzemele_jpg.rf.wdqSYHJ0GlrNV26Mi68U.jpg,1.5842,0.6725,0.9495,0.6942,1.5842,helm,0
Is-eldiveni-KIRMIZI-RENK-12-li-paket-_jpg.rf.TvU11BqdEW2mwtq7UG9y.jpg,1.1306,0.4331,0.8472,0.7091,1.1306,helm,0
Is-Emniyet-Bareti-Suat-Ticaret_png_jpg.rf.jsc3lvVLPMPyCKGThN2O.jpg,1.0,0.7854,1.0,0.9969,1.0,helm,0
Is-Guvenligi-Bareti-Moda-Canel_jpg.rf.vNcfc8iyS0vswKKC1nJk.jpg,1.1484,0.2265,0.6355,0.5027,1.1484,helm,0
Is-Guvenligi-Baretleri-1-_jpg.rf.GRUSspUuBGJYcyewrpSe.jpg,0.6871,0.5753,0.8809,0.649,0.6871,helm,0
Is-Guvenligi-Baretleri-Kafa-Koruyucular-ProPaza_jpg.rf.CAVfuIJC99YxLp7ERrVl.jpg,1.1753,0.3321,0.6761,0.3919,1.1753,helm,0
IS-GUVENLIGI-EKIPMANLARI-Genc-Hirdavat_jpg.rf.7FJclhorMYTwL2S51dGr.jpg,1.0,0.1025,0.6669,0.6649,1.0,helm,0
Is-Guvenligi-Ekipmanlari-Metahirdavat_jpg.rf.HanU5ygzmkYjPu9BDRJn.jpg,1.0,0.0883,0.6694,0.5967,1.0,helm,0
is-guvenligi-kasklari-Archives-Is-Guvenligi-Otoma_jpg.rf.TXGSlznyrcp0vaMWQgI8.jpg,1.0,0.2136,0.8055,0.6603,1.0,helm,0
Is-guvenligi-uzmanina-iliskin-karar-Yargitay-tarafindan_yy_png_jpg.rf.NGPhbCIEpb9cqNasNtUM.jpg,0.4391,0.3841,0.8529,0.6908,0.4391,helm,0
Is-Guvenligi-Uzmanligi_-sinav-birincisi-Teknik-Bilimler_yy_jpg.rf.GAzXXQuRgWzoyZCE7HTf.jpg,0.9279,0.6435,0.9173,0.7288,0.9279,helm,0
Is-Guvenligi-ve-Dagcilik-Kasklari-K2-Outdoor-_yyth-1-_jpg.rf.XtFJH2oumTVxbj5lcMxa.jpg,0.7604,0.5745,0.8571,0.5689,0.7604,helm,0
Is-Guvenligi-_-Tez-Medikal_jpg.rf.E8YlpQPgKDbtNZeIyAFV.jpg,1.0,0.1299,0.6353,0.5707,1.0,helm,0
Is-guvenlik-Baret-kask-sahibinden-comda-1051739291-1-_jpg.rf.y4e0CxeHXKkz47tIYBFr.jpg,0.5641,0.3664,0.7957,0.7922,0.5641,helm,0
Is-Guvenlik-Bareti-_-EMFANORM-2-_jpg.rf.dSrh1Y47DvWwM75gqLBR.jpg,0.8519,0.8385,0.9877,0.8167,0.8519,helm,0
Is-Guvenlik-Bareti-_-EMFANORM-6-_jpg.rf.mkOjO8w0YA8YHQdCDYUI.jpg,1.1197,0.7262,0.9722,0.654,1.1197,helm,0
Is-Guvenlik-Bareti-_-EMFANORM-8-_jpg.rf.X7P1OOUSWzJOkfHT6oCC.jpg,1.0499,0.7319,0.9676,0.6557,1.0499,helm,0
Is-Hukuku-Gultekin-Genc-Polat_jpg.rf.QjqZDGNERmtI6HxPsybE.jpg,1.0511,0.1631,0.4422,0.3101,1.0511,helm,0
Is-Hukuku-_-Bursa-Avukat-Feyza-Hazar_jpg.rf.tj5E3L2696GtR4pEjHrO.jpg,1.0423,0.1408,0.6091,0.5767,1.0423,helm,0
Is-Kaski-Plazma-V2-3D-Model-_69-max_yythk-1-_jpg.rf.pEaQwLRJ8r3UNh2p5A4v.jpg,0.9223,0.2,0.5047,0.2991,0.9223,helm,0
Is-Kazalari-Egitimi-Sunu-ve-Dokumanlar-Makine_yyt_jpg.rf.pIKDbRGg5A2MV3NLBK1f.jpg,0.4797,0.6879,1.0,0.9952,0.4797,helm,0
Is-Sagligi-Guvenligi_jpg.rf.gEJh4dym7914r6AFYe3U.jpg,1.0627,0.1024,0.5223,0.456,1.0627,helm,0
IS-SAGLIGI-VE-GUVENLIGI-BOLUMU-1-_png_jpg.rf.Zyi0JlSakxkNwmbEfGl6.jpg,0.6406,0.254,0.8201,0.727,0.6406,helm,0
Is-Sagligi-ve-Guvenligi-Kursu_-Is-Guvenligi-Kursu_y_png_jpg.rf.wrrOjQUnfgxrliVnLOWt.jpg,0.8112,0.1516,0.5566,0.4425,0.8112,helm,0
Is-Sagligi-ve-Guvenligi-Mesleki-Gelisim-General_jpg.rf.D7RAWxB7iFwaZ3HrIcXH.jpg,0.5953,0.1469,0.5808,0.4439,0.5953,helm,0
Is-Sagligi-ve-Guvenligi-Norse-Grup-Sirketleri_jpg.rf.vOwBzKwiWKzVkJyjNpBi.jpg,1.0,0.3043,0.8621,0.8457,1.0,helm,0
Is-Sagligi-ve-Guvenligi-Politikasi-Neden-Onemlidir__yythkg_jpg.rf.aJAS50IYDFYKHsLtoXbC.jpg,1.0,0.1619,0.4219,0.3234,1.0,helm,0
Is-Sagligi-ve-Guvenligi-Yillik-Plani-Borsa_yythkg_jpg.rf.4LoVwbUU24QHAhnusUVB.jpg,1.2903,0.191,0.7106,0.7073,1.2903,helm,0
Is-Sagligi-ve-Is-Guvenligi-Yasa-Tasarisi-A_jpg.rf.Jjc3gqkAfDDag5fPPdyf.jpg,1.0,0.055,0.573,0.5712,1.0,helm,0
Isci-Sagligi-Is-Guvenligi-Meclisi-is-cinayetleri-ra_jpg.rf.ldBx48QFv9BUF8GICqLr.jpg,1.0,0.4341,0.9499,0.947,1.0,helm,0
Isten-cikarilan-kepce-operatoru_-is-makinesi-ve-is__jpg.rf.R2bRgQaffb9Twh9NxG1S.jpg,1.0,0.6979,0.979,0.9759,1.0,helm,0
Isyerlerinde-Is-Sagligi-ve-Guvenligi-Yonetimi-Nasil_yythkg_jpg.rf.Lu6BobDtYpbxam9CQCLC.jpg,1.0,0.122,0.6608,0.6587,1.0,helm,0
Isyerlerinde-Is-Sagligi-ve-Guvenligi-Yonetimi-Nasil_yythkg_jpg.rf.Z9EVLif5GJpdAAhiQYGj.jpg,1.0,0.1236,0.6622,0.6601,1.0,helm,0
Itfaiyeci-Kaski-Bareti-Fiyatlari_-Ozellikleri-ve-Yorumlari_yythkg_jpeg_jpg.rf.XHe3yfFWcwj1gUflTCyX.jpg,1.0667,0.1739,0.6557,0.4626,1.0667,helm,0
Izmir-ISG-Is-Sagligi-ve-Guvenligi-Uzmani-H_jpg.rf.5TQ6FMgWORBap1duK35U.jpg,0.7297,0.1436,0.5556,0.4942,0.7297,helm,0
Kafa-Koruyucular-Baretler-Sinerji-Is-Kiyafetler-1-_jpg.rf.ipVlfpTx9lzeUOPjUZGW.jpg,1.0,0.07,0.6378,0.6205,1.0,helm,0
Kafa-Koruyucular-Baretler-Sinerji-Is-Kiyafetler_jpg.rf.E4qXsNq1rUBViWiyfqHa.jpg,1.0,0.0942,0.5106,0.3291,1.0,helm,0
Kardelen-Is-Elbiseleri_-Is-Ayakkabilari-_-Kardelentekstil-_jpg.rf.eBXy8yPlVdMp36yctFA6.jpg,0.9766,0.368,0.8117,0.6772,0.9766,helm,0
Kask-koruyucu-baslik-Zenith-Combo-seffaf-siperi___jpg.rf.GtOgZKFcSRb9rLURU0YG.jpg,0.9723,0.649,0.8999,0.6462,0.9723,helm,0
Kask-takmayan-isci-tazminatsiz-atilacak-Is-Yasam_jpg.rf.FFMwft1tMcOqTxVVomRb.jpg,0.4484,0.3731,0.8383,0.6428,0.4484,helm,0
Kask-Vikipedi_jpg.rf.9xWFhosbvX7kGUXudsov.jpg,1.2476,0.2237,0.8444,0.8198,1.2476,helm,0
KASKI-Kayseri-Buyuksehir-Belediyesi-Su-ve-Kanaliz_jpeg_jpg.rf.NtXZ4pSRJDpmBnzCMd7H.jpg,1.0,0.1045,0.8,0.7975,1.0,helm,0
KASKI-Kayseri-Buyuksehir-Belediyesi-Su-ve-Kanaliz_jpeg_jpg.rf.PwuumHLLQ48C2DLx5jj3.jpg,1.0,0.1196,0.8019,0.791,1.0,helm,0
KAYA-SAFETY-VERTIK-ENDUSTRIYEL-KASK-Ege-Pro_yythk_jpg.rf.9VxOHxj1gRHGOEmgyx4O.jpg,1.1135,0.4472,0.7521,0.4325,1.1135,helm,0
Mart-ayinda-118-isci-is-cinayetlerine-kurban-gitti__jpg.rf.76riDW4rbbVeyXlKaFwJ.jpg,0.8586,0.171,0.5157,0.2804,0.8586,helm,0
Mart-ayinda-118-isci-is-cinayetlerine-kurban-gitti__jpg.rf.t8bZOj2oUsADcrSoGqu8.jpg,1.4743,0.2121,0.5858,0.3564,1.4743,helm,0
Muradiye-Is-Guvenligi-Kursu_png_jpg.rf.RvaNjMFcL8ixlynEpMrj.jpg,0.7437,0.2546,0.6819,0.495,0.7437,helm,0
Nesnelerin-internetiyle-is-kazalarini-onleyen-sistem-TEKNO_jpg.rf.JyXnNFY3aNxakOpBnoHm.jpg,1.0,0.1595,0.7511,0.7309,1.0,helm,0
Opsmen-Earmor-M30H-Is-Guvenligi-Kaski-BARET-UYUMLU_-1-_jpg.rf.pCs7fNOflQzrWjfh90QM.jpg,0.9107,0.667,0.921,0.789,0.9107,helm,0
Opsmen-Earmor-M30H-Is-Guvenligi-Kaski-BARET-UYUMLU_-10-_jpg.rf.pRJ4fsCFCKkX0lXMQ4bf.jpg,1.1026,0.3671,0.7124,0.453,1.1026,helm,0
Opsmen-Earmor-M30H-Is-Guvenligi-Kaski-BARET-UYUMLU_-5-_jpg.rf.u74c4nm8IkxSGlm6UFcA.jpg,0.61,0.3103,0.6943,0.4146,0.61,helm,0
Opsmen-Earmor-M30H-Is-Guvenligi-Kaski-BARET-UYUMLU__jpg.rf.AOphtWWqlGB5ZClz7wip.jpg,0.61,0.3089,0.6933,0.414,0.61,helm,0
PEGASO-Kask-Pirisafe-_-Is-Guvenligi-Dogustan_yyth_png_jpg.rf.JK9eq1QZ71vLwzEB7MGr.jpg,1.0411,0.6137,0.9264,0.6153,1.0411,helm,0
Pembe-4-6-Nokta-Santiye-Guvenligi-Is-Kaski-2-1-_jpg.rf.bpK0J1vqyEXuIx6IuSnr.jpg,1.0,0.2463,0.7456,0.709,1.0,helm,0
Pembe-4-6-Nokta-Santiye-Guvenligi-Is-Kaski-2-1-_jpg.rf.LLr5ClHhbXqSzdRUpDBo.jpg,1.0,0.3016,0.7707,0.7117,1.0,helm,0
Pembe-4-6-Nokta-Santiye-Guvenligi-Is-Kaski-2-1-_jpg.rf.znOsptafkW4zMZpKuGSN.jpg,1.0,0.3008,0.7701,0.7106,1.0,helm,0
Pembe-4-6-Nokta-Santiye-Guvenligi-Is-Kaski-2-2-_jpg.rf.Yxo7NPMR3DJmMTc0oBha.jpg,1.2698,0.2377,0.8136,0.7458,1.2698,helm,0
Pembe-4-6-Nokta-Santiye-Guvenligi-Is-Kaski-2_jpg.rf.gjV3lNjhbL4bIEIPTPF2.jpg,0.7891,0.238,0.8137,0.7449,0.7891,helm,0
Petzl-Vertex-Best-A10B-Kask-Maksimum-Is-Gu_jpg.rf.A4MDGNpz14gYG0fFXIQ6.jpg,0.6732,0.1504,0.5447,0.3445,0.6732,helm,0
Petzl-Vertex-Hi-Viz-Kask-A010DA-Yeni-Petzl_yythkg-1-_jpeg_jpg.rf.OxqLHShkziEfGfhZ2uup.jpg,0.5929,0.2585,0.618,0.3821,0.5929,helm,0
Petzl-Vertex-Hi-Viz-Kask-A010DA-Yeni-Petzl_yythkg_jpeg_jpg.rf.7lBWrH8aFu34qw9H6EJz.jpg,1.6865,0.2592,0.6177,0.3821,1.6865,helm,0
RTYUIO-Is-kaski_-is-guvenligi-sapkasi_-koruyucu-kas-1-_jpg.rf.XsIrnp14itVq7W5uhwXO.jpg,1.0227,0.4392,0.7801,0.4839,1.0227,helm,0
RTYUIO-Is-kaski_-is-guvenligi-sapkasi_-koruyucu-kas_jpg.rf.tb2MhgZVbozgDfzvrY6S.jpg,1.0227,0.439,0.7802,0.484,1.0227,helm,0
Santiyelerde-kullanilan-_beyaz-baret_-ve-_sari-baret__yyth_png_jpg.rf.FuorPZoqEgk1klf5IdZJ.jpg,1.0,0.1126,0.5834,0.567,1.0,helm,0
Santiyelerde-kullanilan-_beyaz-baret_-ve-_sari-baret__yyth_png_jpg.rf.ILHJBbXDmYahR1MdjGVu.jpg,1.0793,0.1873,0.7139,0.5456,1.0793,helm,0
Silent-Baret-Maske-Is-Guvenligi-ve-Ekipmanlari_jpg.rf.uqDIiBE9JBIYaDrw6gQD.jpg,0.6484,0.6284,0.9106,0.6383,0.6484,helm,0
SP-200-Is-Guvenlik-Bareti-BBU-SC-200_jpg.rf.v86mCbAWci62wzsIqMt6.jpg,0.6621,0.6416,0.9281,0.6625,0.6621,helm,0
SP-200-Is-Guvenlik-Bareti-BBU-SC-200_jpg.rf.x8yvt370BaNLzma1lJSd.jpg,0.6621,0.6411,0.9281,0.6625,0.6621,helm,0
SSA-Kimya-Is-Guvenligi-Kisisel-Koruyucu-Donanimla-1-_jpg.rf.A35oPBcq00dnSHfZGXQX.jpg,1.0,0.5636,0.9446,0.821,1.0,helm,0
Standart-Is-Guvenlik-Bareti-Tse-Li_jpg.rf.0CIn6iJWc33Tekzxbp5R.jpg,0.6912,0.2346,0.6442,0.4524,0.6912,helm,0
Starline-Sari-Isci-Bareti-Emniyet-Kaski-Is-Kaski_yy-1-_jpg.rf.eHpchScp6vUL9xsFikJK.jpg,0.4598,0.543,0.8875,0.6702,0.4598,helm,0
Tampon-Baret-Ve-Kask-Baski-_-VERA-REKLAM_jpeg_jpg.rf.YoA8fWM4eJbVYVvl5tfK.jpg,1.0,0.1991,0.7443,0.7407,1.0,helm,0
Ucretsiz-Kargo-Delta-Plus-DIAMOND-V-Venitex-Guvenli_jpg.rf.nV6QdZgnVXBweDDP6Zni.jpg,0.7226,0.5409,0.8794,0.6099,0.7226,helm,0
Ucretsiz-Kargo-Delta-Plus-DIAMOND-V-Venitex-Guvenli_jpg.rf.V6oCkezceB0udj5NjKbC.jpg,1.3863,0.5408,0.8787,0.6087,1.3863,helm,0
Ust-Duzey-Alt-Emanet-Yelek-Ve-Kask_-Telifsiz_yythkg_jpg.rf.9OtIbjQdI965fOlqEhlM.jpg,0.7406,0.1644,0.7072,0.5305,0.7406,helm,0
Yapi-Is-Kolunda-ISG-Yaklasimlarinin-Degistirilmesi-Guvenlik_yythk_jpg.rf.Y5qoCGZiwvfqwkmRXLw4.jpg,0.9516,0.3949,0.9305,0.9148,0.9516,helm,0
Yaz-Mevsiminde-Is-Hayati_png_jpg.rf.rRHLmFwun57rf8eMh1Lb.jpg,0.9757,0.1339,0.5486,0.4172,0.9757,helm,0
04-90710719-can-eyewear-that-protects-you_jpg.rf.dd8ec08cb7e9cd2d7a785172a59c6639.jpg,0.8,0.3187,0.7329,0.4749,0.8,kacamata,1
18_jpg.rf.36bd7e1c4d4876426fdc3f9a82cb6308.jpg,0.5163,0.1136,0.6435,0.5831,0.5163,kacamata,1
20221-5-_jpg.rf.3a116eccdbc51961650c19b0c63464d5.jpg,1.0178,0.151,0.5705,0.4018,1.0178,kacamata,1
202210-6-_jpg.rf.02ac4631a66621036c6099d58c9e18a5.jpg,1.0,0.2949,0.9131,0.9102,1.0,kacamata,1
2022101-2-_jpg.rf.edf40b0e65d7aa7a1f42b97c990178bf.jpg,1.0,0.1481,0.7006,0.6965,1.0,kacamata,1
202211-3-_jpg.rf.fc2a5b818cc445a444c80d36a567a9d6.jpg,1.0,0.2054,0.8783,0.8756,1.0,kacamata,1
202211_jpg.rf.f3580031c7e34083a01a784cc9fe9f22.jpg,1.0,0.6076,0.9638,0.9547,1.0,kacamata,1
202212-8-_jpg.rf.449c29b3763700661ef4c9238e745353.jpg,0.7578,0.0851,0.4499,0.3558,0.7578,kacamata,1
202213-6-_jpg.rf.3d1a87bf5021f5f2e26b48394da4e79c.jpg,1.0,0.4594,0.8722,0.7981,1.0,kacamata,1
202213-7-_jpg.rf.972bd885147d20578db7147e97febba8.jpg,1.0,0.1705,0.7425,0.7396,1.0,kacamata,1
202214-10-_jpg.rf.268266ac648434756d48883c178a2a7c.jpg,0.7058,0.5654,0.888,0.6336,0.7058,kacamata,1
202214-3-_jpg.rf.dbc4e7f6fd455ae91ace8a8aa064e6c3.jpg,1.0359,0.0405,0.5502,0.4865,1.0359,kacamata,1
202214-4-_jpg.rf.9fa92c0708662503016551432d881994.jpg,1.0,0.225,0.7968,0.7215,1.0,kacamata,1
202214-8-_jpg.rf.5a1c72fdd42bf2643ec9737f39558ad8.jpg,1.0,0.1602,0.7778,0.7565,1.0,kacamata,1
202215-4-_jpg.rf.bf1e18b6762ac5b906e89cbeea0af7ef.jpg,1.0,0.1761,0.685,0.5714,1.0,kacamata,1
202216-7-_jpg.rf.d7ef308c270e10d6df55cfe25facb50d.jpg,1.0,0.224,0.6604,0.5294,1.0,kacamata,1
202217-10-_jpg.rf.9edb0b83ad0e2a5eee583ce24bb11915.jpg,1.0,0.2539,0.829,0.8264,1.0,kacamata,1
202217-5-_jpg.rf.c8aacde37f094b499d01b692e23f01eb.jpg,1.0,0.3719,0.9157,0.8937,1.0,kacamata,1
202217-8-_jpg.rf.c712b6f29dcbe631a507d5c73e6eed99.jpg,0.6953,0.2113,0.678,0.5204,0.6953,kacamata,1
202219-12-_jpg.rf.dc9ecf46dfa4a4be1f4cecec12766e94.jpg,1.0,0.0882,0.4264,0.4249,1.0,kacamata,1
20222-3-_jpg.rf.c9dc35399ca267ec9f59bd047a3d9ed1.jpg,0.9206,0.0926,0.4639,0.3208,0.9206,kacamata,1
202220-1-_jpg.rf.62ce4680cf9bd858562225de4495c6dc.jpg,1.0,0.0916,0.6821,0.6514,1.0,kacamata,1
202222-2-_jpg.rf.6effc656a0837766c05b9083b9ebab6c.jpg,1.2121,0.0664,0.6042,0.4588,1.2121,kacamata,1
202224-8-_jpg.rf.f4468db15b79bbeff6a7cd890ebde521.jpg,1.0,0.2721,0.8189,0.8164,1.0,kacamata,1
202225-8-_jpg.rf.e000a86cb366b339aaf1b1033d7fef5d.jpg,1.0,0.4201,0.8518,0.7897,1.0,kacamata,1
202226-5-_jpg.rf.0d51ab9985e15856605e82b6b5997d20.jpg,1.2902,0.1663,0.6638,0.5226,1.2902,kacamata,1
2022263_jpg.rf.c5ef1a952311c59832c936ca94b35aee.jpg,1.0,0.1753,0.5172,0.3551,1.0,kacamata,1
202227-4-_jpg.rf.dc9a214734c30b510527bf2ba81c8776.jpg,1.0,0.0963,0.7616,0.7592,1.0,kacamata,1
202228-5-_jpg.rf.d1b504b152269c36c4b6e34833a88d17.jpg,0.75,0.0454,0.587,0.538,0.75,kacamata,1
20223-4-_jpg.rf.546f20167bbb52854a7b34e5d024ea5f.jpg,1.0,0.1431,0.6967,0.5509,1.0,kacamata,1
2022322_jpg.rf.8a59d4c654a698032fdb68c8476a6feb.jpg,1.0556,0.2807,0.8388,0.6179,1.0556,kacamata,1
202236-4-_jpg.rf.25ac7a00e9b3619163e4e70ddc60274b.jpg,1.0,0.2634,0.8516,0.8438,1.0,kacamata,1
202236-7-_jpg.rf.71f99e8884d2b71b6afd8771db2c30bc.jpg,1.0,0.442,0.8854,0.7463,1.0,kacamata,1
202238_jpg.rf.09d2f8ed89ab350c83fbfa50d1880ab9.jpg,0.6605,0.1936,0.7699,0.5487,0.6605,kacamata,1
20224-4-_jpg.rf.2798a74d72b101dc540bf312bb76d3b8.jpg,0.8966,0.2877,0.7028,0.5258,0.8966,kacamata,1
20224-6-_jpg.rf.4f9d1e297301b614e5fa76e265ab8957.jpg,1.0,0.129,0.7842,0.7818,1.0,kacamata,1
20224-7-_jpg.rf.a24904584ac2b3f67018f6e25a73b589.jpg,0.6859,0.1788,0.6581,0.5152,0.6859,kacamata,1
202241-2-_jpg.rf.076e92029e420fe6e6788d4900b0fa50.jpg,0.4984,0.0523,0.4959,0.4276,0.4984,kacamata,1
202241-3-_jpg.rf.7de85d404e3858ab9b00c2e4338f0987.jpg,0.4928,0.2738,0.711,0.4831,0.4928,kacamata,1
202243-1-_jpg.rf.5a2be6ad08ec5792722470c480a4d101.jpg,1.0,0.2846,0.7419,0.6459,1.0,kacamata,1
202243-2-_jpg.rf.854a2c4ffd33c938ba705f1b26f40477.jpg,1.0,0.1792,0.8208,0.8174,1.0,kacamata,1
202243-5-_jpg.rf.24415ad852315eb11ade43cf995ba91a.jpg,1.0,0.0668,0.4224,0.35,1.0,kacamata,1
202243-9-_jpg.rf.5bd674d44cdf9c9f429ed2d66dc3a340.jpg,1.0,0.2011,0.8577,0.7983,1.0,kacamata,1
202244-3-_jpg.rf.30e7eda897890505f660ecd4fba6c8a1.jpg,1.0,0.3848,0.9487,0.9442,1.0,kacamata,1
202244-5-_jpg.rf.773c25a6c30254cb92686725e283c32d.jpg,1.0,0.2266,0.7142,0.7063,1.0,kacamata,1
202244-7-_jpg.rf.94696607778996efcbdc59788cafb04a.jpg,1.0,0.1044,0.5911,0.5759,1.0,kacamata,1
202244-8-_jpg.rf.d2be822b704ac9f71061ff338a27344d.jpg,1.0,0.0981,0.7264,0.6685,1.0,kacamata,1
202246-7-_jpg.rf.d9530afaa5abdb8f09c7fda39d4d33aa.jpg,0.9297,0.2172,0.7497,0.6307,0.9297,kacamata,1
202248-2-_jpg.rf.d94333e32d5883ca98368c52f4be61b7.jpg,0.7435,0.3872,0.7872,0.6161,0.7435,kacamata,1
202249-5-_jpg.rf.aecd1a6d05f19eb0ed51d419d0e70fd6.jpg,1.0,0.0797,0.7052,0.644,1.0,kacamata,1
202249-7-_jpg.rf.6278527dda82779624219e9fbe91330b.jpg,0.9625,0.4425,0.7987,0.6521,0.9625,kacamata,1
202251-2-_jpg.rf.bb0f960bb98c4cf3e6c36f08516f1b3f.jpg,1.0,0.2587,0.7831,0.7283,1.0,kacamata,1
202251-5-_jpg.rf.4ecb5c8cb6c0d5c1f5e24ec7bbe38492.jpg,0.9849,0.0803,0.6195,0.5433,0.9849,kacamata,1
202251-8-_jpg.rf.a7c8acebe50a52d1a0b0cacc5850013d.jpg,1.1636,0.589,0.9366,0.9199,1.1636,kacamata,1
202252-12-_jpg.rf.d2e69bb8975577faebdb682470ecd9e9.jpg,1.0,0.1913,0.629,0.4019,1.0,kacamata,1
202252-13-_jpg.rf.3f5336fa46b72f84980884f62e1befce.jpg,0.732,0.1042,0.4835,0.3796,0.732,kacamata,1
202253-3-_jpg.rf.d9e5ceb3b05579b6f6b1a2366e360200.jpg,0.5506,0.248,0.6755,0.5002,0.5506,kacamata,1
202253-4-_jpg.rf.145426b3924628d65b8a580b4e3abcb1.jpg,1.0,0.24,0.79,0.6669,1.0,kacamata,1
202253-7-_jpg.rf.3f8dd93f72b0df4449915269a9a29bc4.jpg,1.6667,0.2162,0.6861,0.565,1.6667,kacamata,1
202254-8-_jpg.rf.e33264b3da62782cc70aeaffbd8d71cb.jpg,1.0596,0.247,0.7142,0.5757,1.0596,kacamata,1
202256-9-_jpg.rf.9072753df1fc06261c91b79b9f979e3b.jpg,1.0,0.3273,0.8964,0.8609,1.0,kacamata,1
202257-2-_jpg.rf.7eb97c9440accd2cfa300b7dbc2402d9.jpg,0.8203,0.2211,0.7673,0.6389,0.8203,kacamata,1
202257-7-_jpg.rf.ca8f79f408911663e46b8d8b0bd70708.jpg,0.5875,0.3193,0.7973,0.5574,0.5875,kacamata,1
202258-6-_jpg.rf.d6cd5733a617d3d009de14a9e316949b.jpg,0.7621,0.1783,0.6001,0.5072,0.7621,kacamata,1
202258_jpg.rf.c17b6c5b936cf3e07b7b785fe423a95d.jpg,1.0,0.0801,0.7348,0.7274,1.0,kacamata,1
202259-8-_jpg.rf.f629ed8ff3a85be7d7d9b1576a23eded.jpg,0.7484,0.0775,0.6144,0.4882,0.7484,kacamata,1
20225_jpg.rf.52424e4cde1cedeb519e7d00a8d000bf.jpg,0.957,0.1764,0.6532,0.4222,0.957,kacamata,1
202260-7-_jpg.rf.07d941ef9a32399c33a25586eb01780d.jpg,1.0,0.1631,0.8252,0.8165,1.0,kacamata,1
202261-2-_jpg.rf.800f8ea4690b12da6f1165deeb6501c5.jpg,1.0,0.2059,0.8092,0.787,1.0,kacamata,1
202262-10-_jpg.rf.ed34603b36f5a4811a360b275f78c1ab.jpg,0.8027,0.1651,0.5884,0.3903,0.8027,kacamata,1
202262-9-_jpg.rf.94db82e9bb24166a009230f3256cccff.jpg,0.9107,0.2848,0.6867,0.5062,0.9107,kacamata,1
202264-12-_jpg.rf.b7924269e6069313d933e497cb64f071.jpg,1.0,0.0562,0.6073,0.6053,1.0,kacamata,1
202265-1-_jpg.rf.6e37f14fdaec4830359ac14ff75b67c2.jpg,1.0,0.7723,0.9989,0.9958,1.0,kacamata,1
202265-7-_jpg.rf.859061d4de3f5566eec341fba17adfac.jpg,1.002,0.1647,0.7536,0.6397,1.002,kacamata,1
202266-3-_jpg.rf.31992ac8e33ea58279acd654709bd9ad.jpg,1.0,0.2802,0.8386,0.836,1.0,kacamata,1
202268-2-_jpg.rf.a59cef8faf5aadf3db0c72cf9108ae29.jpg,1.0,0.0813,0.5682,0.485,1.0,kacamata,1
202269-2-_jpg.rf.b70fc6dfb27ddbd86fd6a24b2f2b2c66.jpg,1.0,0.2059,0.8076,0.7913,1.0,kacamata,1
20226_jpg.rf.f9055b024c874facb9a16f531e4b850a.jpg,0.9344,0.4097,0.8825,0.7839,0.9344,kacamata,1
20227-1-_jpg.rf.d1ed90699941629535bcc8a9faf3bd23.jpg,0.6359,0.1756,0.7535,0.6951,0.6359,kacamata,1
20227-4-_jpg.rf.813df0439f5c8f770ce25af4a5fdca58.jpg,1.0,0.1833,0.8304,0.7236,1.0,kacamata,1
202273-5-_jpg.rf.63f5da25ab27ffbb50191cb092b78d78.jpg,1.0,0.5776,0.9577,0.9547,1.0,kacamata,1
202274-6-_jpg.rf.50f3fe32fea7168720ced55c8178e584.jpg,0.9031,0.2798,0.6861,0.4399,0.9031,kacamata,1
202277-6-_jpg.rf.93019e0e3d3de807b2fae8b5272f53fd.jpg,1.0,0.2633,0.89,0.8873,1.0,kacamata,1
20228-4-_jpg.rf.aadbd7bddd08fc63f26c630b57ce72dd.jpg,0.5078,0.1992,0.7425,0.7009,0.5078,kacamata,1
20228-5-_jpg.rf.67208c8144da40002f661d333fc0e033.jpg,1.0482,0.4197,0.7608,0.4497,1.0482,kacamata,1
202284-8-_jpg.rf.7713a9bf40f27f585ba77fcfa52d4a69.jpg,0.8,0.3232,0.8694,0.8261,0.8,kacamata,1
202286-3-_jpg.rf.4ab42c138c5156f6be219a84d053c0eb.jpg,1.0,0.1286,0.67,0.6552,1.0,kacamata,1
202287-4-_jpg.rf.8f41dd9591670373b092908d7c0703a4.jpg,1.0,0.7854,1.0,0.9969,1.0,kacamata,1
202287-6-_jpg.rf.009cbdce7b715f032dac1db7517cccdf.jpg,1.0,0.2471,0.771,0.6458,1.0,kacamata,1
202288-2-_jpg.rf.bcfc501453e6f6bba4988b9ec15f66e7.jpg,1.2343,0.1635,0.6569,0.4375,1.2343,kacamata,1
202288-5-_jpg.rf.3d4af6e17346433c2f8d9076d626e365.jpg,1.0,0.0683,0.5711,0.5693,1.0,kacamata,1
20229-3-_jpg.rf.da1dc993d2c219b202f40db6cc5c9d64.jpg,1.0,0.3114,0.8625,0.8598,1.0,kacamata,1
20229-6-_jpg.rf.1b36b0e8d05417852d2119c3358b8615.jpg,1.0756,0.2298,0.7788,0.7094,1.0756,kacamata,1
202290-4-_jpg.rf.5965b132c6304e919face1be020291bc.jpg,0.6791,0.1998,0.5497,0.3874,0.6791,kacamata,1
202290-5-_jpg.rf.18b2cb84f74a56a5428928548749b029.jpg,0.8063,0.051,0.5875,0.4514,0.8063,kacamata,1
20229_jpg.rf.55fac0e26aac101f1b16b88336221e15.jpg,1.0,0.3398,0.9134,0.8592,1.0,kacamata,1
28_jpg.rf.a8bfc23d0e8157e099761f249ec2077f.jpg,1.1554,0.0778,0.5661,0.3676,1.1554,kacamata,1
2_156a6a6a-9af8-49ef-9956-3d0599351838_682x682_jpg.rf.9ca9ea2c01ceb712b3f4243eb4e34d20.jpg,0.8633,0.4547,0.8142,0.6181,0.8633,kacamata,1
32_jpg.rf.a0e78145753a3fbb6bb5c00eee9924fb.jpg,1.625,0.2016,0.6043,0.456,1.625,kacamata,1
40_jpg.rf.9415d132f5f52d3e6ca4fa87ee0aa02c.jpg,1.0,0.1335,0.7672,0.7648,1.0,kacamata,1
48_jpg.rf.fd1e033c82103cf5edca4a4d311ebc4b.jpg,1.0,0.2837,0.8577,0.8462,1.0,kacamata,1
54_jpg.rf.6bd64d74af0fff80320090632730c88f.jpg,1.0,0.0974,0.6644,0.6623,1.0,kacamata,1
blog_eyesafety_jpg.rf.4c85f594c83173505b00a3a5d685baa5.jpg,1.0,0.0812,0.6461,0.5891,1.0,kacamata,1
construction-worker-drilling-wearing-proper-260nw-2928435_jpg.rf.7904152cc8c9cb6a238f3849c97d4c01.jpg,1.084,0.2065,0.6985,0.5678,1.084,kacamata,1
dataset202218-1-_jpg.rf.9fc66f885240079bc9d430ea6a89a0b0.jpg,0.5578,0.3938,0.8458,0.6203,0.5578,kacamata,1
dataset202225_jpg.rf.ce822e961861b9f336537728a510738d.jpg,1.0,0.2188,0.8156,0.7472,1.0,kacamata,1
dataset202248-1-_jpg.rf.3966db46a4b7015e4617231c4b44882e.jpg,0.5906,0.145,0.5626,0.4949,0.5906,kacamata,1
dataset20224_jpg.rf.cb4ebba106376b3dc9d58a833860f340.jpg,1.0,0.0911,0.5362,0.4421,1.0,kacamata,1
dataset202251-1-_jpg.rf.178e2c75573f33e9d8d14189bd9c6fdb.jpg,1.0,0.1996,0.568,0.5598,1.0,kacamata,1
dataset202252-1-_jpg.rf.c0ed8fec8b31288c11879b204bc3edd1.jpg,0.5835,0.1294,0.5282,0.377,0.5835,kacamata,1
dataset202255-1-_jpg.rf.621270efc1b848ee19648fc7ec9eb8d3.jpg,0.8561,0.6407,0.9098,0.7031,0.8561,kacamata,1
dataset202263_jpg.rf.897a86e6c505734085a51408738b55a2.jpg,1.0,0.2211,0.7327,0.7304,1.0,kacamata,1
goggle-206-_png_jpg.rf.09adbaac64faa7bc83e1bb2c50de7dd3.jpg,1.0,0.1358,0.6755,0.598,1.0,kacamata,1
goggle-206-_png_jpg.rf.a26d92da5fe4ad3a9b2b779265241576.jpg,1.0,0.1355,0.6743,0.5969,1.0,kacamata,1
gozluk_035_jpg.rf.1a1b31a114354c8f67be517be8b3abf3.jpg,0.6356,0.2606,0.5991,0.4116,0.6356,kacamata,1
gozluk_035_jpg.rf.c5ef223d00e9cf48965c6426e1d69509.jpg,0.6346,0.2623,0.5993,0.4115,0.6346,kacamata,1
gozluk_053_jpg.rf.3e106d1ea7cf4e79c76bd1063067ffb8.jpg,0.8187,0.5318,0.8734,0.8015,0.8187,kacamata,1
gozluk_053_jpg.rf.e3a16c9b84b6f99904d483b03a013a6d.jpg,0.8187,0.5311,0.8734,0.8016,0.8187,kacamata,1
gozluk_055_jpg.rf.6555f52a34108ce8bc2a99be45a95614.jpg,1.0079,0.156,0.6702,0.5828,1.0079,kacamata,1
gozluk_055_jpg.rf.6d0a8e8d72a2f174ef1c8843a2ae2616.jpg,1.0079,0.157,0.6729,0.5856,1.0079,kacamata,1
gozluk_056_jpg.rf.0f1030db69f46f14f98450e13fc11c54.jpg,1.0884,0.1711,0.6761,0.4909,1.0884,kacamata,1
gozluk_056_jpg.rf.d52c1ab3fe438faab7393f5a7c376cd4.jpg,1.0884,0.1706,0.6759,0.4905,1.0884,kacamata,1
gozluk_073_jpg.rf.b1535363a094f237798952bec7ed4d70.jpg,0.7766,0.0663,0.5548,0.5127,0.7766,kacamata,1
gozluk_073_jpg.rf.f34ab4db47f41b0b160dd3399360d37f.jpg,0.7766,0.066,0.5533,0.5115,0.7766,kacamata,1
gozluk_075_jpg.rf.b22673d9eb2863164c000db5953df409.jpg,1.4799,0.3705,0.885,0.8224,1.4799,kacamata,1
gozluk_075_jpg.rf.c7d587f12e5b1bd5907d54087fa769d8.jpg,1.4799,0.3722,0.8859,0.8233,1.4799,kacamata,1
gozluk_077_jpeg_jpg.rf.22f98f5a45e7472fd97adefb1fb7045f.jpg,1.1071,0.1433,0.5207,0.4129,1.1071,kacamata,1
gozluk_077_jpeg_jpg.rf.6b31e226441c4126fe057eabe84e2eac.jpg,1.0768,0.143,0.5183,0.4101,1.0768,kacamata,1
gozluk_077_jpeg_jpg.rf.8c1004a272dd282b041e865d3b17ac4d.jpg,1.0768,0.1431,0.5189,0.4106,1.0768,kacamata,1
gozluk_077_jpeg_jpg.rf.c7c816c0960ffe45146f395e79835714.jpg,1.1096,0.1441,0.521,0.4136,1.1096,kacamata,1
gozluk_081_jpg.rf.ce92c8afc321c448bd8387ec3529539b.jpg,1.884,0.1319,0.5248,0.3034,1.884,kacamata,1
gozluk_081_jpg.rf.e04d531922ea411f09de4155ed5e1c0c.jpg,1.884,0.132,0.5248,0.3029,1.884,kacamata,1
gozluk_083_jpg.rf.449198203c0e631726802b21412a9be6.jpg,1.0,0.2876,0.8816,0.8455,1.0,kacamata,1
gozluk_083_jpg.rf.4da890132a9c603b2d65f1c2ba7107a5.jpg,1.0,0.2875,0.8815,0.8453,1.0,kacamata,1
gozluk_084_jpg.rf.b9ceb89b1058bcd99f58e7425caaee81.jpg,0.7016,0.136,0.6732,0.5297,0.7016,kacamata,1
gozluk_084_jpg.rf.c7c1aeef7373bbf5e7e51e64b32681ef.jpg,0.7289,0.1436,0.6793,0.5506,0.7289,kacamata,1
gozluk_091_jpg.rf.3d2746a53fedbdb751ca36b1f981edaf.jpg,0.7162,0.3133,0.7401,0.5411,0.7162,kacamata,1
gozluk_091_jpg.rf.44c34fcbf765b73be6e24da891c1e3af.jpg,0.7162,0.3133,0.7402,0.5415,0.7162,kacamata,1
gozluk_091_jpg.rf.cbb960bb2920485e1507bd40e03b2bed.jpg,0.693,0.2635,0.6672,0.5203,0.693,kacamata,1
gozluk_091_jpg.rf.e3ed0fbdcccec0b42fdbaa76076b4e39.jpg,0.693,0.2629,0.6664,0.5196,0.693,kacamata,1
gozluk_105_jpg.rf.37a0f4e428adab898c6c1f60b35730a9.jpg,1.2487,0.368,0.81,0.6725,1.2487,kacamata,1
gozluk_105_jpg.rf.52ba7c246917bca562053d871230839a.jpg,1.2487,0.368,0.8112,0.6735,1.2487,kacamata,1
gozluk_105_jpg.rf.5a003765894cf9aa6e0649440d2ac26f.jpg,1.2205,0.3734,0.8084,0.6632,1.2205,kacamata,1
gozluk_105_jpg.rf.c3dcb81fd080111edd5cbc98e9441d15.jpg,1.2205,0.3737,0.8087,0.6636,1.2205,kacamata,1
gozluk_112_jpg.rf.2f822ce0c215031f0769f47ad5349675.jpg,1.0509,0.6968,0.9323,0.7989,1.0509,kacamata,1
gozluk_112_jpg.rf.5284670498ac36749c2bca5cabc5f279.jpg,1.0847,0.6857,0.9179,0.7587,1.0847,kacamata,1
gozluk_112_jpg.rf.5f4a10850e18a98caf5edaa0cf8f2dff.jpg,1.0509,0.6978,0.9319,0.7986,1.0509,kacamata,1
gozluk_112_jpg.rf.6af46a6450bbc5c4dfb83de56edaf453.jpg,1.0847,0.6854,0.9177,0.7583,1.0847,kacamata,1
gozluk_118_jpg.rf.aed5dd4d3ea91d42df05f0b68ab7ce23.jpg,0.9623,0.131,0.5284,0.3019,0.9623,kacamata,1
gozluk_118_jpg.rf.bacd82a7cd4268208da720877e3ca437.jpg,0.9641,0.1352,0.5273,0.3014,0.9641,kacamata,1
gozluk_120_jpg.rf.726cb8f76b895ee5497a8f668f3c4412.jpg,1.0,0.4225,0.906,0.9022,1.0,kacamata,1
gozluk_120_jpg.rf.9d1fd783d48e0d6af26f8fa4df62d545.jpg,1.0,0.4224,0.9062,0.9024,1.0,kacamata,1
gozluk_212_jpg.rf.2538b624fab87672fc398e366484d464.jpg,1.0922,0.1137,0.6555,0.6061,1.0922,kacamata,1
gozluk_218_jpg.rf.7549679f47f8fa4d8058f996c5696d8f.jpg,0.6656,0.2349,0.7442,0.6221,0.6656,kacamata,1
gozluk_218_jpg.rf.f9584500fae743ff2730aea949aaf786.jpg,0.7688,0.1993,0.7181,0.5456,0.7688,kacamata,1
gozluk_222_jpg.rf.5f18780bf53b4651f27d81961c123a5a.jpg,1.0614,0.2058,0.6731,0.4771,1.0614,kacamata,1
gozluk_222_jpg.rf.be988d099d8a1121e7283ad7c132f739.jpg,1.0614,0.2095,0.6733,0.4764,1.0614,kacamata,1
gozluk_225_jpg.rf.7f4c5e647de2107a2c36175e37dbdf14.jpg,0.7286,0.212,0.5875,0.3506,0.7286,kacamata,1
gozluk_225_jpg.rf.b9b1ee037114d9828fc2df52f0b85fd9.jpg,0.7312,0.2126,0.5878,0.3514,0.7312,kacamata,1
gozluk_229_jpg.rf.828e60f88ba7321890ca4979b1c38d7d.jpg,1.0,0.1198,0.6181,0.4861,1.0,kacamata,1
gozluk_230_jpg.rf.32f22951a2f1629d72f81b9539db0727.jpg,1.0,0.7709,0.9991,0.996,1.0,kacamata,1
gozluk_230_jpg.rf.e65763af0a93679bec27e2afdba0cc3b.jpg,1.0,0.7709,0.9991,0.996,1.0,kacamata,1
gozluk_234_jpg.rf.706b1415581af6a6406a06389c8f886c.jpg,1.608,0.1315,0.5233,0.3502,1.608,kacamata,1
gozluk_234_jpg.rf.d27838ff455f2a6a39039f0607f31b05.jpg,1.608,0.1293,0.5216,0.3491,1.608,kacamata,1
gozluk_235_jpg.rf.6861fa9f79fcd4e00ad84880d7e7223d.jpg,1.9632,0.1418,0.4034,0.2248,1.9632,kacamata,1
gozluk_235_jpg.rf.d3e0656bc2be1de9069a5494a5652747.jpg,1.9104,0.1388,0.3934,0.2181,1.9104,kacamata,1
gozluk_238_jpg.rf.e7e79e83518f1b1964c34e3ee50d9f61.jpg,1.28,0.103,0.6261,0.5383,1.28,kacamata,1
gozluk_244_jpg.rf.05c33c4763151529cf4de932e01382ac.jpg,1.0,0.4349,0.8684,0.8573,1.0,kacamata,1
gozluk_244_jpg.rf.153cc72aa413b5b57cd3ad56d0ec75eb.jpg,1.0,0.4294,0.8689,0.8578,1.0,kacamata,1
gozluk_245_jpg.rf.0c6fc0f18ccc95dbbec8910522027bf5.jpg,0.6953,0.2401,0.7106,0.5266,0.6953,kacamata,1
gozluk_245_jpg.rf.ee10b22f04c11c1e4935ef8b26b03161.jpg,0.6953,0.2404,0.7108,0.5264,0.6953,kacamata,1
gozluk_249_jpg.rf.298e1bc27676f4a5380bf7ddcf7b03f9.jpg,0.801,0.0978,0.6149,0.4678,0.801,kacamata,1
gozluk_249_jpg.rf.424661a5ee06846c131176068dd7d7fb.jpg,0.801,0.0975,0.614,0.467,0.801,kacamata,1
images27_jpg.rf.95e80c2264c17892251ce92a55ce773a.jpg,0.5072,0.0765,0.5401,0.4516,0.5072,kacamata,1
images77_jpg.rf.f5f51bd75b35b8981320b7ae021f4054.jpg,1.0,0.7854,1.0,0.9969,1.0,kacamata,1
images82_jpg.rf.c6b995e485dda6038ccd2a8dbf2daab1.jpg,1.0,0.198,0.8024,0.7457,1.0,kacamata,1
images87_jpg.rf.4ff21607ce1ecea0e518bfd6d853d6e5.jpg,1.0,0.4175,0.8394,0.691,1.0,kacamata,1
page_1_thumb_large_jpg.rf.312d250b6924d643a4038d9b29168c0a.jpg,1.3324,0.0923,0.5401,0.4894,1.3324,kacamata,1
