Nama File,Warna Terdeteksi
005323_jpg.rf.HDINKfaGEFY5Fe9ZEzkR.jpg,Putih
005561_jpg.rf.uxzP2C6m5xdKPkPzO5cr.jpg,Merah
005698_jpg.rf.95QUqYmypRYBrwLBgb9n.jpg,Putih
006232_jpg.rf.PKc9Etwp6oU9dotnMHxM.jpg,Putih
0_13117620_jpg.rf.ulfWJ3UQeVHUkemTk2Rs.jpg,Biru
0_17811743_jpg.rf.t0vwEHKtDSxFzuWPZarM.jpg,Putih
0_20591666_jpg.rf.X85bMErHrlxR5rUcAiEj.jpg,Putih
0_26889734_jpg.rf.KSzdG7TQ3INs4chCBbrR.jpg,Biru
0_27685007_jpg.rf.WVuzAdze0KNY6MSDon9e.jpg,Biru
0_27797870_jpg.rf.JXUAgoNfPFI0KASkFRKb.jpg,Biru
0_28661306_jpg.rf.m4uYOjH0GmaAfyIZKcSZ.jpg,Putih
0_31601551_jpg.rf.h1kbVxvoQcxdk6JvUkMY.jpg,Biru
0_31948027_jpg.rf.Jp8yYrq31NAbI9kCkT7e.jpg,Putih
0_32829379_jpg.rf.C71Yahj1gnkEKAx3z1S6.jpg,Putih
0_35679540_jpg.rf.LCR2bomnX0WJnbgb7hUW.jpg,Biru
0_36662119_jpg.rf.L1XVCEAB1dvjnnAIzGqp.jpg,Merah
0_37406577_jpg.rf.vOPS0ZjNfbHb9gn00ZOd.jpg,Biru
0_38394140_jpg.rf.LQQFZqiAxAPWPjRPgIGz.jpg,Merah
0_38456626_jpg.rf.08ZyiVZ6ifjwDri9Uj7j.jpg,Putih
0_38884553_jpg.rf.hnyZnrWSQ9ktPZCohYYJ.jpg,Merah
0_39379057_jpg.rf.4k896gL33QPZ9wtb4C27.jpg,Biru
0_39693815_jpg.rf.NfzLjN0eNIiBP5OpjItr.jpg,Biru
0_40058469_jpg.rf.RAgMkeXPWD9IpyFoH0Ze.jpg,Putih
0_41500015_jpg.rf.hVfoUffsFpx64sW0b3u8.jpg,Biru
0_41887961_jpg.rf.vG6rRWrfbxGLfeeDlMYA.jpg,Merah
0_42701587_jpg.rf.FCt00UmFZwlgQSvXBB5I.jpg,Biru
0_44331038_jpg.rf.3xn9fL15uXqgeCjy7DF4.jpg,Putih
0_44625578_jpg.rf.sELcdcDoZx8Bqxemi2SZ.jpg,Biru
0_45233064_jpg.rf.XZ7imwwlyJAT5QA88z66.jpg,Biru
0_46126103_jpg.rf.nhIuI5GSkuHh6drtJmze.jpg,Biru
0_47116199_jpg.rf.gF9xEBAldPhwQnSdlGAm.jpg,Putih
0_49228324_jpg.rf.fT9SEngzROixGsphx1qQ.jpg,Biru
0_49417216_jpg.rf.uXeZ1sLQ7tenyGUi00Gg.jpg,Putih
0_49538394_jpg.rf.cIPn0M1eGS81CiwV7sip.jpg,Biru
0_50644152_jpg.rf.4ubLK5pS5jjl0uUPPPCo.jpg,Biru
0_54378637_jpg.rf.6MOFeSjN3u9XvAUmOtc4.jpg,Putih
0_55312807_jpg.rf.mjz09LI4en1rCG5p5W8C.jpg,Biru
0_57279125_jpg.rf.vlqkw4EcOkKd6bJLTkn1.jpg,Biru
0_63765405_jpg.rf.9PQIeyU7pTYWeOEDgEvW.jpg,Putih
0_65290507_jpg.rf.BObJV7NL67j6ODl3QKqU.jpg,Putih
0_68428129_jpg.rf.DRJYYxzzUE2uzvukfejo.jpg,Biru
0_74067387_jpg.rf.xHGpMuYS3l5vJwaPDRlO.jpg,Putih
0_74103329_jpg.rf.WTbvzOAjdNR7lVHhvU3b.jpg,Biru
0_75000524_jpg.rf.n29gAvyS2EyAOezzD5ZP.jpg,Putih
0_75857299_jpg.rf.3ZTXAa65kuL3zBb86JvI.jpg,Biru
0_76308868_jpg.rf.YsJmSgO4a6LFgGvi2s6z.jpg,Biru
0_76366934_jpg.rf.FnWqrR2SVWr9bzDTCSUs.jpg,Putih
0_76406774_jpg.rf.cmwigft0r5KhdaWov2Ve.jpg,Biru
0_76651120_jpg.rf.RdIa9ef4D3GMJrn7X6QQ.jpg,Biru
0_77015930_jpg.rf.at4Jw2A3SKFfbdA4dp7b.jpg,Putih
0_79079358_jpg.rf.o4dX9zgQ2W2qv5hLVHMj.jpg,Putih
0_79714687_jpg.rf.J1Ewh4iWfgd4cZ4BPLYy.jpg,Biru
0_84817169_jpg.rf.sruMm7skm1YoRtGHSqhl.jpg,Biru
0_86004889_jpg.rf.k8Ge1XC3Fmm9EMomyWIq.jpg,Biru
0_95837089_jpg.rf.k2avXGSdzV8HH87vEkZJ.jpg,Putih
0_97784641_jpg.rf.BJmoXKkKVEopdLswaGbr.jpg,Merah
1_12297283_jpg.rf.wXZqlMkA5HTmLwHQY78a.jpg,Biru
1_14461871_jpg.rf.jGK2AZIaPAyVOWHNRoTF.jpg,Biru
1_21208612_jpg.rf.zqodXNh9gYWp6gj49fTg.jpg,Biru
1_31279758_jpg.rf.EXN3DcYXezmcGs47RL1u.jpg,Biru
1_39754826_jpg.rf.GAr4m119AACTbUGiNXhg.jpg,Biru
1_45433741_jpg.rf.TQF56DnlMKghR1XKWHs3.jpg,Putih
1_48796574_jpg.rf.jxlNsZYbgp1fICn4tawG.jpg,Merah
1_48863152_jpg.rf.o5z3e9BVVHnQqrg1xQm5.jpg,Merah
1_50029258_jpg.rf.KUSZzTLyC206lmvrC6fl.jpg,Biru
1_54602131_jpg.rf.n9FCRg9NpyRSulJCl0qk.jpg,Putih
1_55040585_jpg.rf.stCmdUEdcgyT4k1vERDQ.jpg,Putih
1_55340270_jpg.rf.FOcvrFCoU5ei8xuaCFF4.jpg,Biru
1_72839071_jpg.rf.vtfR3ojTJi03cQGXnaLU.jpg,Merah
1_73143822_jpg.rf.6KVZaFPp9Ei5hpOwpX2b.jpg,Putih
1_77797848_jpg.rf.K1NP5dYjbiZzxajvEiKa.jpg,Putih
1_79175676_jpg.rf.dq61NRwWeL8WartiPp21.jpg,Biru
1_88034928_jpg.rf.CXdDwGcQEixf2zahpAAU.jpg,Putih
1_90092435_jpg.rf.RWLDDcxSTPy3UKMf9bRJ.jpg,Merah
1_90625524_jpg.rf.RnY8quktMYtGqluiC34A.jpg,Biru
1_92501512_jpg.rf.1v4ljCNJnzBudUwy2yeh.jpg,Merah
1_94516180_jpg.rf.JtvKOUpk55LCU57ITyum.jpg,Biru
1_97763885_jpg.rf.MVRSsabVxwGIHCjP168a.jpg,Putih
1_99963982_jpg.rf.px8phlJFr7dqA046G06E.jpg,Putih
20221206_094829_jpg.rf.0Uxi7yWHbb50X5XBBfBS.jpg,Putih
20221206_095031_jpg.rf.JmVGSdQ5ZzE5EWcmpjB9.jpg,Putih
20221206_095051_jpg.rf.tZhqShvrr9bmiGHJBBjb.jpg,Putih
20221206_095153_jpg.rf.9SG8cJIGogINuZ5gyyDC.jpg,Putih
20221206_095609_jpg.rf.evZBkLzIeOodG2I7mzHl.jpg,Merah
20221206_095958_jpg.rf.4MuMxN1tm9IDxOTLz75x.jpg,Putih
20221206_100131_jpg.rf.9KqEIHDYv4UO1VfrIXnq.jpg,Putih
20221206_100156_jpg.rf.RUr26mcl0Q2WqniPyIgA.jpg,Putih
20221206_100202_jpg.rf.q19WkkAq9lt2hi4qe0F1.jpg,Putih
20221206_100204_jpg.rf.09vo5cQth7Cb5geCHtD5.jpg,Putih
20221206_100239_jpg.rf.EGNPZjR2dri7bS2p9KDE.jpg,Putih
20221206_100601_jpg.rf.oxgXhxlfOrV53x5eOI23.jpg,Putih
20221206_100837_jpg.rf.4jKk0k3BoztmdNoJQiZY.jpg,Putih
20221206_100920_jpg.rf.ouHXxj5KZPxHTbQ6CIE4.jpg,Putih
20221206_101404_jpg.rf.RpERzGWPrI4gZZ4tkR39.jpg,Putih
2_0_21228022_jpg.rf.vLNMUnrE5JeuvcvJxGpe.jpg,Putih
2_0_25917054_jpg.rf.0poOwKxxWw5EHgSsuhoF.jpg,Putih
2_0_26071938_jpg.rf.OZRySaV4E49crgJ3XiZJ.jpg,Merah
2_0_27503528_jpg.rf.Wh2spb1N1YbVvm1DrQsF.jpg,Putih
2_0_29724057_jpg.rf.xaLTJcMuNrOakBKOLZRe.jpg,Merah
2_0_31154150_jpg.rf.0w01ZkKqPzuxi1E1ybdr.jpg,Biru
2_0_54253178_jpg.rf.xfhcFYOZNUpUCvWzffRY.jpg,Putih
2_0_54307837_jpg.rf.pb61TCvApD0Q3CuoYhC6.jpg,Putih
2_0_54583732_jpg.rf.QETAU2IIjXkhOg1OxBZn.jpg,Kuning
2_0_54839771_jpg.rf.Xs2Qbj67kJU3lBLr3Nrf.jpg,Kuning
2_0_55148349_jpg.rf.fiIxgiG51DbKYC9f1ZUx.jpg,Kuning
2_0_55691392_jpg.rf.HDlzVtTQiZAoAXqtpa3d.jpg,Kuning
2_0_55756589_jpg.rf.tGAYbofDPU21GY1WjXP9.jpg,Kuning
2_0_56210012_jpg.rf.1l48wIYiFEj6p6igAGDE.jpg,Kuning
2_0_56253496_jpg.rf.RNzLiUp6MMUmSFWV2Smt.jpg,Kuning
2_0_56485649_jpg.rf.muoRtXxQ3npfm96Ugvix.jpg,Kuning
2_0_56654847_jpg.rf.jjBcZctCjQxV7brRhqsJ.jpg,Kuning
2_0_56894587_jpg.rf.kuirT9qalkFT9z1kQz4u.jpg,Putih
2_0_57596244_jpg.rf.lxBAeULnooq0q8zSMP5I.jpg,Kuning
2_0_57929415_jpg.rf.Qo3tfG7XZN9uVEKv1jCv.jpg,Merah
2_0_57936059_jpg.rf.DWKeXMGapkzi3LFHlIqV.jpg,Kuning
2_0_58245730_jpg.rf.MVar6Fm5bSmXNje9dfr4.jpg,Kuning
2_0_58608393_jpg.rf.lZ8lFyF7eQ8p7HuX9wRz.jpg,Kuning
2_0_59369856_jpg.rf.uvwOW37VYkxnUlnQgu5c.jpg,Kuning
2_0_59565487_jpg.rf.DDZG3OCbfuEq4I25Zdiy.jpg,Kuning
2_0_59626133_jpg.rf.CfwIejOql5dMCHiJbH9O.jpg,Kuning
2_0_59694327_jpg.rf.v5iHvX9v2ENezai7aXDA.jpg,Kuning
2_0_60312875_jpg.rf.B0ekyrIvuvyjrckRJVyP.jpg,Kuning
2_0_60687302_jpg.rf.mVYlS1gTW39XkqoXJ6vM.jpg,Kuning
2_0_60794167_jpg.rf.toIRA1pDWncw66OdIZdE.jpg,Kuning
2_0_60841330_jpg.rf.39UdqP28PNJ6fFGveG1D.jpg,Kuning
2_0_61268533_jpg.rf.agjrBTk6M8yNiTnWWrev.jpg,Kuning
2_0_61428035_jpg.rf.zIDaMgkE10oKiGVL6z7d.jpg,Kuning
2_0_61757504_jpg.rf.0dLUccZ61VDq93Z9RHSq.jpg,Kuning
2_0_61771818_jpg.rf.AAfSbsXIIfTuvUWB7JHe.jpg,Putih
2_0_61897481_jpg.rf.ASLNhtBbFPYKFFMeWKEK.jpg,Kuning
2_0_62385249_jpg.rf.iMUKTAdc93dK4rYxpiBQ.jpg,Kuning
2_0_62475608_jpg.rf.hxBAPs0hKNg9NuCmduiE.jpg,Merah
2_0_62585349_jpg.rf.HgzoK4ozWb1VsMfbxMSo.jpg,Merah
2_0_62967503_jpg.rf.r68BgJJJD1SnUbegAUse.jpg,Kuning
2_0_63042681_jpg.rf.4KWrSTbWskEHPOJRfvLm.jpg,Kuning
2_0_63262689_jpg.rf.jIjMShz17dXPnL0fosUf.jpg,Kuning
2_0_63386800_jpg.rf.Y9Wlm2F7VvTFFdXxSArH.jpg,Kuning
2_0_63581456_jpg.rf.5hpuR0GDV8SzHdWsXeCn.jpg,Putih
2_0_63900681_jpg.rf.R5Q4H1F6yjaW6ffTDvfb.jpg,Kuning
2_0_63921066_jpg.rf.yslkqnrYJHyAIl0rzFp4.jpg,Kuning
2_0_64160131_jpg.rf.7GXXTKeAVw9LFvft20YK.jpg,Kuning
2_0_64238622_jpg.rf.MbLaAbpyRr91jItvf0rm.jpg,Merah
2_0_64260122_jpg.rf.qO1OVLS3lUcX8jOuERhJ.jpg,Kuning
2_0_64475543_jpg.rf.jyDDEJ9Yma1y64Hozceo.jpg,Kuning
2_0_64504552_jpg.rf.kuRN039ODHFCb2o6xsai.jpg,Kuning
2_0_64761777_jpg.rf.h1ih18SMiARz1CWaQDVl.jpg,Putih
2_0_65384721_jpg.rf.25FoHLHyApiKYayDjwYI.jpg,Putih
2_0_65664271_jpg.rf.eBiHVSgPZbfvnUbFBdSP.jpg,Kuning
2_0_65800689_jpg.rf.XzIb4MNxlgdGdeFos9gc.jpg,Kuning
2_0_66456587_jpg.rf.AJh491zPcU7CMajfqmw2.jpg,Putih
2_0_66634020_jpg.rf.n8UdACwT6ezs0Rpbz9dl.jpg,Merah
2_0_66715624_jpg.rf.GgXmuJR1iDMOzDkFgr2K.jpg,Kuning
2_0_66989856_jpg.rf.nmBDEjOaqugPr3tbQv6x.jpg,Kuning
2_0_67026970_jpg.rf.IUZBMyUDof1nxhK0xBF7.jpg,Kuning
2_0_67746576_jpg.rf.vTrFA5qwcRxLZ29uBhhB.jpg,Kuning
2_0_68230605_jpg.rf.i08GWWSXyIX0nOuQdClx.jpg,Kuning
2_0_68894362_jpg.rf.7aaHCdQOfbdUaLIrGuXJ.jpg,Putih
2_0_69394186_jpg.rf.MbywrUafsHykf0DqIk6V.jpg,Merah
2_0_69608143_jpg.rf.JscCi75Q9gCpYpr39vIV.jpg,Putih
2_0_69892729_jpg.rf.0v2C9tUJlkzlRFo097SB.jpg,Kuning
2_0_70669165_jpg.rf.lQKodDWTSKdahHTy07Ea.jpg,Hijau
2_0_72424862_jpg.rf.xRAGILBBA8IiuaYduA2l.jpg,Kuning
2_0_72427130_jpg.rf.SXVUmoOI7dQafjlvRvou.jpg,Kuning
2_0_72759947_jpg.rf.7bhWvluaaRDmYdgy1UYO.jpg,Merah
2_0_73506721_jpg.rf.vSEtPs3MknAmY7J3tDGA.jpg,Kuning
2_0_73756589_jpg.rf.F5RaQ1Pc0fP6LZ6Uusv6.jpg,Putih
2_0_73809553_jpg.rf.CpA1YqFvfSExYXvZkUHO.jpg,Kuning
2_0_74208413_jpg.rf.b1Ld8SAgoczfC2zVMDWS.jpg,Kuning
2_0_74388303_jpg.rf.2Tl9DtVKdHGjWGrEODRJ.jpg,Kuning
2_0_74879746_jpg.rf.QXj9eGup93NB4cdIF1Xe.jpg,Merah
2_0_75439702_jpg.rf.XW0MJEehEwads35Vf3al.jpg,Putih
2_0_75601747_jpg.rf.8sBefyzzyI5TZQbJcTW0.jpg,Kuning
2_0_75671382_jpg.rf.zYwTGTHKXSyJUdMxpqT2.jpg,Kuning
2_0_76900663_jpg.rf.Q53OEU4EMhKHEwTCLGqX.jpg,Biru
2_0_76903111_jpg.rf.hywPaCGO7CpJkoQlL1EQ.jpg,Merah
2_0_87160670_jpg.rf.QtYSewIeyGJwBs5R6jFQ.jpg,Biru
2_0_97038624_jpg.rf.uWOezWCKHtrnq8coNa1c.jpg,Putih
2_0_97382630_jpg.rf.F1RaBwUL5xYIfhQ956Cv.jpg,Merah
2_11480063_jpg.rf.YgHooGwXyoxknt4j0HGl.jpg,Biru
2_18179085_jpg.rf.JWYXcXSCWNuW8920uA9S.jpg,Putih
2_1_18466948_jpg.rf.0rMP9WawsthQYzOTlde0.jpg,Biru
2_76774899_jpg.rf.tnHkNM8TvuROlPHfzNzN.jpg,Putih
2_87646521_jpg.rf.LKQSdGTwhwmPv3p3rvt4.jpg,Putih
3_10253014_jpg.rf.SLs82NZk4atFTr9cLnU8.jpg,Putih
3_12405489_jpg.rf.QUUCzK0VCF280AN1w7fV.jpg,Biru
3_28131966_jpg.rf.JSoZ8FIvurhULGyqxCAC.jpg,Biru
3_67776724_jpg.rf.swcRfCYm2MEF2l40oGPg.jpg,Merah
3_93963639_jpg.rf.IhrREzTGPUKkTkI42RkD.jpg,Biru
4_12837719_jpg.rf.l7oAfTwWQhKRIr14Iq0J.jpg,Biru
5_56704289_jpg.rf.KJGsjnrMxLbGYeFYa0WI.jpg,Biru
5_67053551_jpg.rf.6tP6UQTZQXIqBiCLpmiS.jpg,Putih
9_32177443_jpg.rf.5HeqrOgE6vgIdj1mtgv0.jpg,Biru
Anilar-Duayen-Bir-Duayenin-Safety-First-Once_yyth_jpg.rf.3B6SsQMoRB5ekDDP7aY9.jpg,Kuning
baret-kask-_-YDZ-Teknik-Tekstil-Is-Elbiseleri_yythk_jpg.rf.QQTYkiYTe143I5j2dogs.jpg,Putih
Baret-Kullanimi-Riziko-Is-Sagligi-Guvenligi_-Saka-1-_jpg.rf.A9jIEiS3cXJiC2ZxyhmI.jpg,Putih
Baret-Modelleri-ve-Fiyatlari-_-Is-Guvenligi-Malzeme-16-_jpg.rf.hdAQU5tpiNkZ13CB8pmk.jpg,Putih
Baret-Modelleri-ve-Fiyatlari-_-Is-Guvenligi-Malzeme-23-_jpg.rf.5vMrfZyOGAvTMdPfdirs.jpg,Biru
Baret-Modelleri-ve-Fiyatlari-_-Is-Guvenligi-Malzeme_jpg.rf.tgyxXLMpn5a3Db5JfGvr.jpg,Putih
Baret-Nedir_-Teknik-ve-Tasarim-Ozellikleri-1-_png_jpg.rf.4J1Ak6NIxidOePPZHMpk.jpg,Merah
Bbu-SP-200-Is-Guvenligi-Bareti-2-_jpg.rf.ZsF4HvaLHpHrD8GRKRSj.jpg,Putih
