File,Aktual,Prediksi,Status,Aspect Ratio,Circularity,Solidity
images-5-copy-_jpeg_jpg.rf.eY3u4EbGg7PSAVBEuNJc.jpg,Helm,Helm,BENAR,0.98,0.4,0.73
images-7-copy-_jpeg_jpg.rf.2g1ZseyD6rU0i3FhDtzH.jpg,Helm,Helm,BENAR,1.32,0.67,0.94
images-8-copy-_jpeg_jpg.rf.NMPMZU2XDFVPrQAOtQ2p.jpg,Helm,Helm,BENAR,1.15,0.83,0.99
Kasklar-_-Piramit-Is-Guvenligi-Malzemeleri-1-_jpg.rf.ehbfHF7w487a3qW3Nvhk.jpg,Helm,Helm,BENAR,1.31,0.58,0.87
Kasklar-_-Piramit-Is-Guvenligi-Malzemeleri-1-_jpg.rf.FMn6lF4qmAno7nkPb95W.jpg,Helm,Helm,BENAR,1.31,0.58,0.87
Kasklar-_-Piramit-Is-Guvenligi-Malzemeleri-1-_jpg.rf.sCmThpdxYAIbiLya3gUn.jpg,Helm,Helm,BENAR,0.76,0.57,0.87
Kasklar-_-Piramit-Is-Guvenligi-Malzemeleri-2-_jpg.rf.yYPE1RIZ39FhcNGY0NgK.jpg,Helm,Helm,BENAR,0.92,0.35,0.81
Kasklar-_-Piramit-Is-Guvenligi-Malzemeleri_jpg.rf.kP0UyiWDWcrvgdaiDZkr.jpg,Helm,Kacamata,SALAH,0.78,0.19,0.54
Kasklar-_-Piramit-Is-Guvenligi-Malzemeleri_jpg.rf.Wb82lWfRjbgSeaI4Szey.jpg,Helm,Helm,BENAR,1.28,0.19,0.54
Milageto-Koruyucu-kask-Profesyonel-is-koruma-kask_jpg.rf.O66cnS2C2qwZrEsVHTOg.jpg,Helm,Helm,BENAR,1.15,0.35,0.79
MSA-V-Gard-520-is-kaski_-cene-kayisli_-EN-39-1-_jpg.rf.we8xU98zs2295xkzHLJL.jpg,Helm,Helm,BENAR,1.0,0.64,0.9
MSA-V-Gard-520-is-kaski_-cene-kayisli_-EN-39-3-_jpg.rf.dQjtvvvqKPI0Hb2YYTDF.jpg,Helm,Helm,BENAR,1.04,0.62,0.88
MSA-V-Gard-520-is-kaski_-cene-kayisli_-EN-39-3-_jpg.rf.Kyg1WvkH1OqSa12mTRBM.jpg,Helm,Helm,BENAR,0.96,0.62,0.88
MSA-V-Gard-520-is-kaski_-cene-kayisli_-EN-39-3-_jpg.rf.lGybij8D0fgOz9jah2Ku.jpg,Helm,Helm,BENAR,1.04,0.62,0.88
uvex-baretler-gulep-is-guvenligi-Is-Guvenligi_yyt-1-_jpg.rf.Ea8KkZnPZfvsDg54siw1.jpg,Helm,Helm,BENAR,1.32,0.26,0.53
uvex-baretler-gulep-is-guvenligi-Is-Guvenligi_yyt-1-_jpg.rf.uJYFtVvEj3QTNzMxeo7q.jpg,Helm,Kacamata,SALAH,0.75,0.27,0.52
uvex-baretler-gulep-is-guvenligi-Is-Guvenligi_yyt-3-_jpg.rf.bPzBXN0RVv6cLjSVXNxB.jpg,Helm,Helm,BENAR,1.07,0.38,0.89
uvex-baretler-gulep-is-guvenligi-Is-Guvenligi_yyt-3-_jpg.rf.ggBwdXKqbpHrj6YCuoSD.jpg,Helm,Helm,BENAR,1.07,0.47,0.91
uvex-baretler-gulep-is-guvenligi-Is-Guvenligi_yyt_jpg.rf.iQXoiqIOdYnIipH0qYBQ.jpg,Helm,Helm,BENAR,1.32,0.27,0.53
VIDALI-BARET-IS-GUVENLIGI-KASKI-CE-EN-397__jpeg_jpg.rf.3wCWxjAq2jkdVTTwP8lI.jpg,Helm,Helm,BENAR,0.93,0.64,0.9
Vidali-Baret-Is-Guvenligi-Kaski-Ce-En-397__jpg.rf.fX6tVtUY6qR0o6zHcUbf.jpg,Helm,Kacamata,SALAH,0.48,0.22,0.71
Vidali-Baret-Is-Guvenligi-Kaski-Ce-En-397__jpg.rf.Kkzq4BA4xQu2WQ7r08TI.jpg,Helm,Helm,BENAR,2.1,0.22,0.71
Vira-Siyah-Sp-200-Is-Guvenligi-Bareti-Fiyati__yythk_jpg.rf.LplE6YvkpNTBBLQ0tQDU.jpg,Helm,Helm,BENAR,2.02,0.55,0.91
Vira-Siyah-Sp-200-Is-Guvenligi-Bareti-Fiyati__yythk_jpg.rf.W6NYk7woKCcE5RYHVzzR.jpg,Helm,Helm,BENAR,0.49,0.55,0.91
Vizorlu-Is-Guvenligi-Kaski-Fiyati-_-Haibrag-3-_jpg.rf.ty9knPU0VpfsjguwxqeY.jpg,Helm,Kacamata,SALAH,0.8,0.28,0.64
Vizorlu-Is-Guvenligi-Kaski-Fiyati-_-Haibrag-4-_jpg.rf.Ebk8w7nFpYH1lA6N0Dtu.jpg,Helm,Helm,BENAR,0.75,0.59,0.86
YESIL-BARET-IS-BARETI-GE-1536-Nitrex-Is__jpeg_jpg.rf.I7rFY8jV30p1kH6PRktX.jpg,Helm,Helm,BENAR,0.95,0.7,0.94
Yuksek-Kalite-ABS-Taktik-Acik-Bisiklet-Surme-Kask_y_jpg.rf.8gWQEo7WrhAj1gsB2Wma.jpg,Helm,Helm,BENAR,0.79,0.48,0.85
Yuksek-Kalite-ABS-Taktik-Acik-Bisiklet-Surme-Kask_y_jpg.rf.rOPwgy2K6200pseJBMkd.jpg,Helm,Helm,BENAR,0.79,0.49,0.85
Yuksekte-Calisma-Dagci-ve-Is-Guvenligi-Kaski-1-_jpg.rf.nMRayVF4eBlx2d3xIa8F.jpg,Helm,Helm,BENAR,1.03,0.31,0.66
Yuksekte-Calisma-Dagci-ve-Is-Guvenligi-Kaski-2-_jpg.rf.59gI9Xgb87QpXwxYOXwd.jpg,Helm,Helm,BENAR,1.16,0.65,0.94
Yumru-sapka-emniyet-kaski-Is-Guvenligi-Sapka-Nefes__jpg.rf.S1mv5MBChtGMwv6BjG3c.jpg,Helm,Helm,BENAR,1.69,0.42,0.85
Zorlu-Enerji_ye-Uluslararasi-Is-Guvenligi-Odulu-verildi_jpg.rf.2a8u4HXWsqoALzUK3jgl.jpg,Helm,Helm,BENAR,0.98,0.31,0.69
dataset202259-1-_jpg.rf.77983b4b6d72e7b6e81e0688fd8086bf.jpg,Kacamata,Helm,SALAH,1.49,0.23,0.71
safety_goggles_30_jpeg.rf.502c50690a9db3d0eef16755a67922f3.jpg,Kacamata,Helm,SALAH,1.82,0.26,0.69
safety_goggles_30_jpeg_jpg.rf.15d132d4204282577610f18563136766.jpg,Kacamata,Helm,SALAH,1.82,0.26,0.69
safety_goggles_38_jpeg.rf.b84172cc9347fe8154ccccb555f41f30.jpg,Kacamata,Kacamata,BENAR,3.21,0.12,0.37
safety_goggles_38_jpeg_jpg.rf.f5fb14901945defe04fcc5d1a731f864.jpg,Kacamata,Kacamata,BENAR,3.21,0.12,0.37
safety_goggles_4_jpeg.rf.2fc1f52592db647c2ac6db98041f4877.jpg,Kacamata,Helm,SALAH,1.91,0.26,0.74
safety_goggles_4_jpeg_jpg.rf.a22b526913c2e34b22df7316f43b3a2e.jpg,Kacamata,Helm,SALAH,1.91,0.26,0.74
safety_goggles_50_png.rf.1c7ed1acdb6dc94ba6c38a906c6ef789.jpg,Kacamata,Kacamata,BENAR,2.55,0.11,0.3
safety_goggles_50_png_jpg.rf.b3d34b726d4404caa5291df36d1ef5db.jpg,Kacamata,Kacamata,BENAR,2.55,0.11,0.3
safety_goggles_58_jpeg.rf.88be903f30ba5bc0e01dd5a257944e61.jpg,Kacamata,Helm,SALAH,1.89,0.64,0.96
safety_goggles_58_jpeg_jpg.rf.eda551142a9e0194a7069df7623195da.jpg,Kacamata,Helm,SALAH,1.89,0.64,0.96
safety_goggles_original_safety_goggles_16-jpeg_e7ae4c52-1ef7-490a-b4f9-0b7c1a249b06_jpeg.rf.a259a88011252c48bd783d0836b2d222.jpg,Kacamata,Kacamata,BENAR,3.56,0.13,0.41
safety_goggles_original_safety_goggles_16-jpeg_e7ae4c52-1ef7-490a-b4f9-0b7c1a249b06_jpeg_jpg.rf.1942dd8fd9bbd62a2ec5adcaaff02f2e.jpg,Kacamata,Kacamata,BENAR,3.56,0.13,0.41
safety_goggles_original_safety_goggles_48-jpeg_63d65541-5816-4cd3-a804-02f6aa226d8d_jpeg.rf.9340cb228decd1f5568e3633742fef0e.jpg,Kacamata,Helm,SALAH,1.86,0.68,0.96
safety_goggles_original_safety_goggles_48-jpeg_63d65541-5816-4cd3-a804-02f6aa226d8d_jpeg_jpg.rf.05e25969dbb4f65f7c339b37d0714036.jpg,Kacamata,Helm,SALAH,1.86,0.68,0.96
safety_goggles_original_safety_goggles_49-jpeg_b60aa1a3-51e4-4cc8-ae5a-7f818c53213a_jpeg.rf.5f7494bdc8b0a02fd92c6ad7ebbf5e54.jpg,Kacamata,Helm,SALAH,1.89,0.63,0.96
safety_goggles_original_safety_goggles_49-jpeg_b60aa1a3-51e4-4cc8-ae5a-7f818c53213a_jpeg_jpg.rf.e1fea3d558ad81d17da7c81c3deb93a0.jpg,Kacamata,Helm,SALAH,1.89,0.63,0.96
safety_goggles_original_safety_goggles_58-jpeg_961ea11e-59ff-43de-bdb6-7ed1dd847db9_jpeg.rf.37b164aabe05863de015dd49ae746d02.jpg,Kacamata,Helm,SALAH,1.89,0.64,0.96
safety_goggles_original_safety_goggles_58-jpeg_961ea11e-59ff-43de-bdb6-7ed1dd847db9_jpeg_jpg.rf.db75a1652b2600fa4648933ac7c4ce90.jpg,Kacamata,Helm,SALAH,1.89,0.64,0.96
safety_goggles_original_safety_goggles_62-jpeg_a58cf8b4-37fa-4bed-983b-c1404f3dac6c_jpeg.rf.e9685621914d03bb082f2d7f1f20575e.jpg,Kacamata,Helm,SALAH,1.09,0.78,0.98
safety_goggles_original_safety_goggles_62-jpeg_a58cf8b4-37fa-4bed-983b-c1404f3dac6c_jpeg_jpg.rf.5ad7e5ec48438f87f8911a6a9ff77bad.jpg,Kacamata,Helm,SALAH,1.09,0.78,0.98
